replication,call_type,call_started,call_answered,call_ended,
1,3,0,0,80.8277,
1,2,80.2676,80.2676,117.623,
1,1,94.2205,94.2205,668.352,
1,2,756.332,756.332,1269.81,
1,2,1183.63,1183.63,1372.34,
1,3,1903.1,1903.1,1965.54,
1,1,2127.78,2127.78,2678.21,
1,1,2081.49,2081.49,2697.43,
1,1,2635.83,2635.83,2720.23,
1,2,2951.96,2951.96,3029.56,
1,3,3095.21,3095.21,3479.25,
1,2,3440.34,3440.34,4015.57,
1,1,4020.82,4020.82,4199.29,
1,2,4389.46,4389.46,4504.97,
1,1,4486.13,4486.13,4594.91,
1,2,3689.3,3689.3,4791.24,
1,1,5199.55,5199.55,5375.11,
1,1,5460.8,5460.8,5676.7,
1,1,5671.57,5671.57,5974.17,
1,1,5761.63,5761.63,6054.09,
1,1,5384.44,5384.44,6227.45,
1,2,6294.55,6294.55,6400.49,
1,3,6976.66,6976.66,7058.92,
1,3,6905.97,6905.97,7132.71,
1,2,7188.04,7188.04,7189.08,
1,3,7273.77,7273.77,7294.11,
1,1,7400.3,7400.3,7668.46,
1,2,8023.25,8023.25,8376.75,
1,1,8817.7,8817.7,8890.42,
1,1,8933.56,8933.56,9028.93,
1,1,9126.38,9126.38,9226.46,
1,1,9225.4,9225.4,9504.02,
1,1,8756.19,8756.19,10125.7,
1,3,11010.9,11010.9,11067.9,
1,3,11033.1,11033.1,11210.3,
1,1,11355.8,11355.8,11474.3,
1,3,11355.1,11355.1,11492.1,
1,3,11492.6,11492.6,11656.2,
1,1,11829.1,11829.1,11979.2,
1,1,11246.2,11246.2,12084.9,
1,3,12002.5,12002.5,12140.6,
1,2,10759.2,10759.2,12299,
1,1,11859.9,11859.9,12446,
1,1,12570.7,12570.7,12753.9,
1,1,13037.7,13037.7,13041.5,
1,1,12985.6,12985.6,13057.9,
1,1,13673.9,13673.9,13720.9,
1,1,13982.5,13982.5,13991.5,
1,3,14868.8,14868.8,14962.7,
1,3,15165.8,15165.8,15457.9,
1,2,15530.9,15530.9,15564.5,
1,1,15943,15943,16009.9,
1,3,16149.1,16149.1,16214.4,
1,2,16197.1,16197.1,16229.4,
1,3,16300.7,16300.7,16360.7,
1,1,16957.6,16957.6,17053.7,
1,2,17195.6,17195.6,17275.1,
1,2,16876.3,16876.3,17510.1,
1,1,17975.7,17975.7,18172.4,
1,1,18283.3,18283.3,18509,
1,2,18402.1,18402.1,18570,
1,1,17581.2,17581.2,18614.2,
1,1,18635.7,18635.7,18673.3,
1,1,18850.5,18850.5,18906.8,
1,2,19015.1,19015.1,19247.5,
1,2,19296.2,19296.2,19306.1,
1,3,19228.1,19228.1,19319.1,
1,1,18510,18510,19881.8,
1,1,19714.6,19714.6,19889.5,
1,1,19789.4,19789.4,19908,
1,2,19298.5,19298.5,20502.2,
1,1,20454.4,20454.4,20578.8,
1,1,20842.7,20842.7,20941.5,
1,2,20025.7,20025.7,20963.3,
1,2,20580.7,20580.7,21067.3,
1,2,21113.2,21113.2,21217.8,
1,3,21290.7,21290.7,21300.1,
1,3,21065.8,21065.8,21340.1,
1,1,21641,21641,21884.7,
1,2,21898.2,21898.2,21900.8,
1,2,22323.8,22323.8,22402.8,
1,1,22320.6,22320.6,22461.2,
1,3,22564.9,22564.9,22777.1,
1,1,22444.1,22444.1,23013.4,
1,1,23234.7,23234.7,23568.6,
1,2,24319.7,24319.7,24381.7,
1,3,24953,24953,25438.9,
1,3,25436.1,25436.1,25527.4,
1,2,24994.9,24994.9,25592,
1,3,25507.4,25507.4,25640.5,
1,1,25746.9,25746.9,25791.4,
1,1,25326.3,25326.3,25919,
1,1,25982.7,25982.7,26194.3,
1,2,25969.3,25969.3,26438.3,
1,1,26289.2,26289.2,26564.7,
1,1,27178.6,27178.6,27524,
1,1,26889.2,26889.2,27698.2,
1,2,27812.5,27812.5,27851.9,
1,2,27992.2,27992.2,28636.1,
1,1,28648.2,28648.2,28911,
1,3,28712.8,28712.8,28915.3,
1,2,29114.8,29114.8,29182.3,
1,1,29110.3,29110.3,29254.9,
1,1,29428.5,29428.5,29526.8,
1,1,29295.2,29295.2,29647.5,
1,1,29147.7,29147.7,29727.5,
1,1,29639.3,29639.3,29738.9,
1,2,29920.3,29920.3,29940.2,
1,3,30407.1,30407.1,30910.1,
1,1,31105.6,31105.6,31253.5,
1,1,30467.6,30467.6,31311.3,
1,2,30951.2,30951.2,31413.1,
1,1,31868.6,31868.6,31955.4,
1,3,32422.1,32422.1,32447.4,
1,2,32807.6,32807.6,33046.6,
1,2,33290.3,33290.3,33373.2,
1,3,33457.1,33457.1,33715.3,
1,1,33373.9,33373.9,33755.6,
1,3,33874.7,33874.7,34053.1,
1,1,34068.6,34068.6,34083.1,
1,3,34159.2,34159.2,34231.4,
1,3,34060,34060,34340.1,
1,1,34229,34229,34422.1,
1,1,34796.8,34796.8,34845.9,
1,1,34957.2,34957.2,34996.8,
1,3,35444.8,35444.8,35565,
1,3,35810.6,35810.6,35829.7,
1,1,35713.6,35713.6,35931.7,
2,1,175.849,175.849,204.947,
2,1,381.179,381.179,490.304,
2,1,24.9142,24.9142,617.377,
2,1,0,0,635.184,
2,3,655.805,655.805,722.079,
2,1,796.195,796.195,820.532,
2,1,485.229,490.304,878.118,
2,1,154.221,154.221,1014.86,
2,1,1070.7,1070.7,1134.42,
2,1,1132.61,1132.61,1145.11,
2,1,945.292,945.292,1250.34,
2,1,1209.75,1209.75,1535.46,
2,2,1477.69,1477.69,1692.27,
2,2,1501.11,1501.11,1937.92,
2,1,2082.32,2082.32,2100.58,
2,1,788.62,788.62,2415.43,
2,3,2355.47,2355.47,2523.34,
2,1,1791.96,1791.96,2603.62,
2,1,2445.22,2445.22,2713.47,
2,3,2457.18,2457.18,2753.4,
2,1,3089.17,3089.17,3272.3,
2,3,3075.47,3075.47,3430.04,
2,2,3459.11,3459.11,3718.15,
2,1,3715.14,3715.14,4050.22,
2,2,4324.56,4324.56,4365.24,
2,1,4053.8,4053.8,4445.06,
2,1,4500.92,4500.92,4765.22,
2,2,4595.43,4595.43,4880.22,
2,2,4977.15,4977.15,5007.12,
2,1,5307.82,5307.82,5335.42,
2,1,5302.11,5302.11,5346.95,
2,1,5063.88,5063.88,5599.64,
2,1,5233.18,5233.18,5634.97,
2,1,6044.65,6044.65,6165.25,
2,1,6164.48,6164.48,6276.97,
2,1,6355.82,6355.82,6494.46,
2,3,6821.99,6821.99,7024.68,
2,2,7042.04,7042.04,7160.73,
2,2,6970.59,6970.59,7291.22,
2,2,7313.3,7313.3,7377.74,
2,3,7663.91,7663.91,7694.7,
2,1,8069.64,8069.64,8155.63,
2,3,8098.15,8098.15,8252.61,
2,1,8216.44,8216.44,8318.01,
2,3,7931.76,7931.76,8460.33,
2,2,8028.86,8028.86,8874.95,
2,1,8720.98,8720.98,9114.45,
2,1,9408.05,9408.05,9463.54,
2,1,9386.35,9386.35,9531.45,
2,1,8539.48,8539.48,9569.01,
2,3,9544.92,9544.92,9753.05,
2,1,9920.01,9920.01,10046.3,
2,3,9992.18,9992.18,10085,
2,1,10055.4,10055.4,10209.7,
2,1,10264.5,10264.5,10383.3,
2,2,9775.56,9775.56,10415.8,
2,1,10296.1,10296.1,10428.8,
2,1,10174.7,10174.7,10435.9,
2,1,11029.3,11029.3,11062.9,
2,1,10671.3,10671.3,11213,
2,1,11503.3,11503.3,11652.2,
2,1,11576.9,11576.9,11680.6,
2,2,12089.3,12089.3,12144.2,
2,2,11705,11705,12401.3,
2,3,12991.5,12991.5,13086.9,
2,1,13041.3,13041.3,13181.2,
2,1,13381.3,13381.3,13429.1,
2,2,13209.6,13209.6,13701.1,
2,1,14227.7,14227.7,14339.1,
2,2,14277.8,14277.8,14399.4,
2,3,14183,14183,14784.9,
2,1,15087,15087,15158.8,
2,3,15465.5,15465.5,15477.1,
2,3,15467.8,15467.8,15510.9,
2,3,14706.3,14706.3,15797.1,
2,2,16134.5,16134.5,16198,
2,1,16202.9,16202.9,16296,
2,1,16372.8,16372.8,16667.2,
2,1,16502.5,16502.5,17380.4,
2,2,16872.1,16872.1,17479.4,
2,1,17390.7,17390.7,17549,
2,3,16570.1,16570.1,17681.1,
2,2,18126,18126,18264.4,
2,1,17767.8,17767.8,18324.3,
2,3,17986.6,17986.6,18337.9,
2,3,18077,18077,18619.8,
2,1,18896.1,18896.1,18915.5,
2,1,18911.1,18911.1,19582.5,
2,2,19467.4,19467.4,19711.6,
2,3,19390.4,19390.4,19729.2,
2,3,20310.9,20310.9,21066.6,
2,2,20579.9,20579.9,21380.8,
2,2,21308.1,21308.1,21426.3,
2,2,21204.6,21204.6,21549.6,
2,1,21784.8,21784.8,21943.4,
2,1,21814.1,21943.4,22059.8,
2,1,21627.7,21627.7,22159,
2,3,22150,22159,22219.4,
2,3,21949,22059.8,22270.5,
2,1,21700.6,21700.6,22277.4,
2,1,22234.2,22234.2,22433.9,
2,1,22572.2,22572.2,22659.2,
2,2,21730.7,21730.7,22730.6,
2,1,22823.9,22823.9,22878.9,
2,1,22999.1,22999.1,23174.5,
2,2,22892.9,22892.9,23209.6,
2,1,23290.5,23290.5,23362.9,
2,2,22730.1,22730.1,23609.7,
2,3,23827.5,23827.5,23854.4,
2,1,23562.9,23562.9,23881.8,
2,2,24094,24094,24276.9,
2,2,23967.6,23967.6,24378.4,
2,1,24061.7,24061.7,24400.9,
2,3,23736.2,23736.2,24441.7,
2,1,24443.3,24443.3,24587.9,
2,1,25512.7,25512.7,25813.4,
2,1,25640.9,25640.9,25915.4,
2,2,25947.5,25947.5,26147.3,
2,2,26151.5,26151.5,26207.4,
2,1,26502.9,26502.9,26591.2,
2,2,25984.6,25984.6,26780.2,
2,1,27823.7,27823.7,27840,
2,1,28321,28321,28382.3,
2,1,28386.4,28386.4,28458.3,
2,3,28250.9,28250.9,28476.6,
2,2,28501.8,28501.8,28834,
2,2,28967.4,28967.4,29039.2,
2,2,29340.8,29340.8,29343.8,
2,1,29292.8,29292.8,29685.8,
2,2,29663.6,29663.6,29687.7,
2,1,29680.8,29680.8,29909.6,
2,1,30230.9,30230.9,30324,
2,3,30467.8,30467.8,30650.5,
2,1,30978.7,30978.7,31122.6,
2,1,31114.4,31114.4,31314.2,
2,1,31543.2,31543.2,31688,
2,1,32037.4,32037.4,32364.4,
2,1,31883.8,31883.8,32494.6,
2,3,32023.8,32023.8,33064.8,
2,3,32435.4,32435.4,33163,
2,3,32087.3,32087.3,33309.7,
2,3,33226.6,33226.6,33407.4,
2,2,32910.9,32910.9,33598.4,
2,2,34118.4,34118.4,34168.8,
2,3,33823.8,33823.8,34350,
2,2,34319.3,34319.3,34447.2,
2,3,34617.9,34617.9,34656.3,
2,2,34200,34200,34734.8,
2,2,34264,34264,34848.4,
2,2,34892.5,34892.5,35041.6,
2,1,34838,34838,35164.3,
2,2,35202.6,35202.6,35255.1,
2,1,35281.9,35281.9,35337.6,
2,2,35572.3,35572.3,35613.8,
2,1,35516.4,35516.4,35761.3,
2,2,35786.1,35786.1,35938.8,
3,2,0,0,181.021,
3,1,197.142,197.142,242.762,
3,2,31.8502,31.8502,308.569,
3,1,297.596,297.596,755.043,
3,1,465.034,465.034,840.464,
3,1,1257.87,1257.87,1342.95,
3,1,1238.06,1238.06,1420.9,
3,1,1563.22,1563.22,1821.06,
3,1,2049.35,2049.35,2186.73,
3,3,2036.95,2036.95,2388.86,
3,1,2034.22,2034.22,2499.04,
3,2,2673.48,2673.48,2692.87,
3,2,2963.4,2963.4,3188.69,
3,3,3274.6,3274.6,3284.69,
3,2,3956.59,3956.59,3983.46,
3,3,3944.54,3944.54,3994.4,
3,2,3632.26,3632.26,4078.55,
3,3,3498.39,3498.39,4268.63,
3,2,4871.37,4871.37,4935.81,
3,2,4851.2,4851.2,5097.09,
3,3,4742.57,4742.57,5120.84,
3,1,5037.03,5037.03,5479.68,
3,1,5421.52,5421.52,5584.18,
3,1,5443.57,5443.57,5676.62,
3,1,5576.55,5576.55,5830.07,
3,1,5735.19,5735.19,5893.52,
3,3,6186.37,6186.37,6685.52,
3,3,6569.67,6569.67,6991.63,
3,2,6936.01,6936.01,7009.95,
3,1,7480.39,7480.39,7485.42,
3,2,7551.55,7551.55,7588.94,
3,1,6904.4,6904.4,7590.59,
3,1,7605.26,7605.26,7912,
3,1,8045.44,8045.44,8049.68,
3,1,8363.26,8363.26,8455.21,
3,1,8343.47,8343.47,8530.57,
3,1,8452.5,8452.5,8631.55,
3,3,9072.92,9072.92,9277.34,
3,2,8990.11,8990.11,9301.71,
3,2,8846.61,8846.61,9498.41,
3,3,9472.69,9472.69,9560.86,
3,1,9573.65,9573.65,9676.9,
3,1,9634.74,9634.74,9771.06,
3,1,9968.85,9968.85,10014.1,
3,1,9776.62,9776.62,10070.4,
3,1,10223,10223,10530.8,
3,2,10506.7,10530.8,10572.8,
3,3,9646.99,9646.99,10896.3,
3,3,10302.2,10302.2,10998.2,
3,2,11220.2,11220.2,11231.4,
3,3,10248.2,10248.2,11348.8,
3,1,11578.6,11578.6,11702.7,
3,1,10773.9,10773.9,11822,
3,3,11523.3,11523.3,11907.6,
3,1,11752.8,11752.8,11992.1,
3,1,11836.4,11836.4,12007.5,
3,1,11962.7,11992.1,12075.8,
3,1,11950.8,11950.8,12320.5,
3,1,12572.9,12572.9,12596.5,
3,2,10944.4,10944.4,13001.2,
3,3,13228.8,13228.8,13252.5,
3,1,13161.5,13161.5,13560.7,
3,1,13576.1,13576.1,13651.9,
3,1,13290.6,13290.6,13665.9,
3,3,13431.4,13431.4,13739.3,
3,3,13786.9,13786.9,13788.3,
3,3,13844,13844,13875.9,
3,1,13966.4,13966.4,14063.3,
3,3,13635.7,13635.7,14090.2,
3,1,14411.9,14411.9,14632.6,
3,2,13803.2,13803.2,14696.3,
3,2,15040.3,15040.3,15278.3,
3,2,15342.4,15342.4,15411.5,
3,1,15354.8,15354.8,15526.1,
3,1,14899.9,14899.9,15709.3,
3,3,15527.1,15527.1,15885.6,
3,1,16440,16440,16490.8,
3,1,16118.5,16118.5,16655.1,
3,2,15647,15647,16717.5,
3,1,16211.8,16211.8,17249.1,
3,3,17331,17331,17471.4,
3,2,17701.7,17701.7,17749.5,
3,1,17775.1,17775.1,18295.9,
3,3,17886.3,17886.3,18439,
3,2,18521.6,18521.6,18531.4,
3,2,18402.9,18402.9,18641.7,
3,2,18176.1,18176.1,18642.9,
3,1,17669,17669,18679,
3,1,18673.7,18673.7,18824,
3,2,19210.8,19210.8,19225.5,
3,1,19414.2,19414.2,19667.5,
3,1,19850.1,19850.1,19893.7,
3,1,20028,20028,20153.4,
3,1,20299.4,20299.4,20570.5,
3,2,20519.4,20519.4,20577.3,
3,2,20345.1,20345.1,20740.8,
3,1,20754.7,20754.7,20818.9,
3,2,20787.1,20787.1,20827.2,
3,3,20459.7,20459.7,20908.6,
3,1,20907.8,20907.8,21188.6,
3,2,21109.4,21109.4,21194,
3,1,21210.4,21210.4,21334.9,
3,2,21010.8,21010.8,21342.3,
3,2,21329.1,21329.1,21344.1,
3,3,22763.5,22763.5,22841.9,
3,1,23201.7,23201.7,23385.5,
3,1,23488.2,23488.2,23512.2,
3,1,23247.9,23247.9,23660.8,
3,1,23653.1,23653.1,23770.9,
3,3,24206,24206,24252.6,
3,2,24422.5,24422.5,24815.9,
3,2,24934.4,24934.4,25090.9,
3,1,25231.7,25231.7,25280.3,
3,1,24922,24922,25451.7,
3,3,24653.5,24653.5,25546.4,
3,3,25940.9,25940.9,26592.2,
3,1,26709.4,26709.4,26716.2,
3,1,26434.2,26434.2,26749.4,
3,3,26973,26973,27109.8,
3,3,26984.5,26984.5,27211.1,
3,1,27473,27473,27494.7,
3,3,27415.9,27415.9,27952.8,
3,1,27441.1,27441.1,27988.6,
3,2,28735.9,28735.9,28835.7,
3,2,28776.9,28776.9,29211.4,
3,2,29395.6,29395.6,29487.1,
3,1,29343.5,29343.5,29502.2,
3,2,29491,29491,29749.5,
3,3,29552.8,29552.8,29765.6,
3,1,29810.6,29810.6,30128.2,
3,1,30558.8,30558.8,30681.4,
3,1,30772.8,30772.8,30966.7,
3,1,30823,30966.7,30979,
3,3,30418.3,30418.3,31216.7,
3,3,30193.5,30193.5,31373.4,
3,3,30726.9,30726.9,31617.8,
3,1,31760,31760,31774,
3,1,31950.3,31950.3,31966.3,
3,1,31937,31937,32226.3,
3,2,32502.8,32502.8,32535.2,
3,1,32456.6,32456.6,32624.1,
3,2,31836.1,31836.1,32639.5,
3,2,32866.5,32866.5,32978.5,
3,3,33271.5,33271.5,33464.3,
3,1,33461.3,33461.3,33498.1,
3,1,33664.4,33664.4,33863.3,
3,1,33974.4,33974.4,33986.8,
3,2,34038.5,34038.5,34132.3,
3,3,34109.9,34109.9,34226.2,
3,2,34278.5,34278.5,34291.6,
3,2,34209.2,34209.2,34382.5,
3,1,34233.5,34233.5,34530.8,
3,2,34598.7,34598.7,34620.8,
3,1,33915.1,33915.1,34631.1,
3,3,34920.5,34920.5,34945.2,
3,3,34853.2,34853.2,35037.1,
3,1,35071.3,35071.3,35448.5,
3,1,34295.6,34295.6,35561.3,
3,2,34325.3,34382.5,35673.8,
4,1,544.659,544.659,710.856,
4,1,845.261,845.261,882.593,
4,2,114.677,114.677,985.098,
4,1,1045.55,1045.55,1068.65,
4,1,0,0,1195.28,
4,1,1093.9,1093.9,1215.47,
4,1,1501.46,1501.46,1501.57,
4,1,2078.53,2078.53,2135.33,
4,1,2511.05,2511.05,3038.4,
4,2,1591.23,1591.23,3098.35,
4,3,2771.39,2771.39,3137.62,
4,3,3047.53,3047.53,3178.53,
4,1,2954,2954,3355.47,
4,2,3297.6,3297.6,3651.27,
4,1,3583,3583,3666.98,
4,3,3675.23,3675.23,3763.87,
4,2,3553.65,3553.65,3865.79,
4,1,3755.22,3755.22,4031.65,
4,1,3622.76,3622.76,4247.97,
4,2,4294.64,4294.64,4486.98,
4,1,4296.89,4296.89,4622.95,
4,2,4672.18,4672.18,4808.4,
4,1,4722.07,4722.07,5157.65,
4,3,4252.09,4252.09,5181.58,
4,3,5489.46,5489.46,5617.93,
4,3,5112.89,5112.89,5659.91,
4,2,5481.92,5481.92,5951.69,
4,3,6117.67,6117.67,6121.78,
4,1,5847.92,5847.92,6295.04,
4,1,5853.2,5853.2,6327.94,
4,3,7092.67,7092.67,7705.4,
4,2,7913.39,7913.39,7996.53,
4,1,8223.44,8223.44,8224.5,
4,3,8301.77,8301.77,8384.85,
4,3,8610.56,8610.56,8819.37,
4,1,8475.1,8475.1,8956.28,
4,1,8981.03,8981.03,9294.95,
4,2,9580.02,9580.02,9721.53,
4,1,9444.25,9444.25,9770.69,
4,1,9608.27,9608.27,9782.97,
4,1,9293.63,9293.63,9799.47,
4,1,10178.4,10178.4,10201.9,
4,1,10116.6,10116.6,10223.7,
4,3,10064.6,10064.6,10339.5,
4,1,10482.3,10482.3,10550.4,
4,1,10534.4,10534.4,10632.6,
4,2,10871.8,10871.8,11117.3,
4,1,11086.4,11086.4,11219,
4,1,11474.2,11474.2,11577.4,
4,1,10950.3,10950.3,11587.7,
4,3,11322.3,11322.3,11601.6,
4,3,10789.9,10789.9,11617.8,
4,1,11686.4,11686.4,11687.3,
4,1,11808.1,11808.1,11816.3,
4,3,12145.1,12145.1,12391.1,
4,3,12341.8,12341.8,12391.2,
4,3,12328.2,12328.2,12643.4,
4,1,12329.2,12329.2,12865,
4,2,12355.1,12391.1,12926.3,
4,3,12859,12859,12978.2,
4,1,12961.1,12961.1,13006.9,
4,1,13162.3,13162.3,13211.7,
4,3,12971.4,12971.4,13622.2,
4,1,13939.4,13939.4,14044.3,
4,1,14137.8,14137.8,14163.4,
4,3,14437.9,14437.9,14719,
4,3,14670.3,14670.3,14927.3,
4,1,14726.5,14726.5,14948.9,
4,3,14549.2,14549.2,15294.5,
4,3,15490.9,15490.9,15586.9,
4,3,15864.7,15864.7,16086.5,
4,1,16247.7,16247.7,16408.4,
4,1,16295.7,16295.7,16591.6,
4,2,16552.4,16552.4,16965.6,
4,1,17081.8,17081.8,17263.8,
4,3,17308.1,17308.1,17384.1,
4,2,17465.3,17465.3,17632.4,
4,1,17802.1,17802.1,17910.7,
4,1,18023,18023,18528.5,
4,1,18338.9,18338.9,18704.4,
4,2,18488.9,18488.9,18733.3,
4,3,18645.9,18645.9,19012.8,
4,1,19260.4,19260.4,19284.1,
4,3,19445.9,19445.9,19472.1,
4,2,19819.4,19819.4,19821.7,
4,2,20079.4,20079.4,20157,
4,1,19627.7,19627.7,20426.6,
4,1,19944.1,19944.1,20449.8,
4,1,20548.8,20548.8,20758.1,
4,1,20583.5,20583.5,21020.7,
4,2,20820.6,21020.7,21054.8,
4,1,20794.5,20794.5,21086.4,
4,3,20909.4,21054.8,21106.8,
4,3,20335,20335,21233.7,
4,1,20560.2,20560.2,21378.1,
4,3,21383.9,21383.9,21475.8,
4,3,21450.3,21450.3,21575.7,
4,2,21549.2,21549.2,21588.2,
4,1,21713.6,21713.6,21801.1,
4,1,21891.1,21891.1,21899.8,
4,1,21387.1,21387.1,21956.2,
4,3,21720.3,21720.3,22019.9,
4,1,22180.7,22180.7,22181.8,
4,1,22267.3,22267.3,22398,
4,2,22587.2,22587.2,22843.4,
4,1,22823.7,22823.7,23118.2,
4,3,23069.6,23069.6,23194.6,
4,2,23020.1,23020.1,23326.2,
4,1,23229.8,23229.8,23834.4,
4,1,23881,23881,24191,
4,1,24238.7,24238.7,24314.5,
4,1,24545.5,24545.5,24616.2,
4,1,24739.7,24739.7,24742.2,
4,2,24765.6,24765.6,24805.8,
4,1,25027.4,25027.4,25112.6,
4,1,25262.3,25262.3,25304.6,
4,1,25244.3,25244.3,25346.8,
4,2,25343.7,25343.7,25480.9,
4,1,24995.1,24995.1,25616.2,
4,3,25590.4,25590.4,25654,
4,2,25653.7,25653.7,25691.1,
4,3,25938,25938,26325.1,
4,1,26240,26240,26647.3,
4,3,26925.9,26925.9,27012.3,
4,3,27081.3,27081.3,27084.9,
4,2,27193.8,27193.8,27225.8,
4,1,27973.4,27973.4,28373,
4,1,28320.8,28320.8,28535.7,
4,1,28709.5,28709.5,28719.4,
4,2,28768.4,28768.4,28927.5,
4,2,29030.6,29030.6,29194.3,
4,2,28817.4,28817.4,29306.3,
4,1,28981,28981,29310,
4,1,29339.3,29339.3,29481.9,
4,2,29138.6,29138.6,29506.1,
4,3,29549.8,29549.8,29567,
4,1,30218.9,30218.9,30620,
4,1,31034.1,31034.1,31281.3,
4,1,31344.7,31344.7,31347.8,
4,3,31970.1,31970.1,32032.7,
4,2,32124.8,32124.8,32212.2,
4,3,32290.6,32290.6,32478,
4,2,32411.5,32411.5,32654.7,
4,3,32603.2,32603.2,32775.9,
4,1,32540.7,32540.7,33117.1,
4,2,32908.2,32908.2,33139,
4,1,32968.1,32968.1,33293.5,
4,3,33310.8,33310.8,33404.6,
4,1,33472.3,33472.3,33715,
4,1,33656.2,33656.2,33721.9,
4,1,33808.6,33808.6,34403.5,
4,1,34513.3,34513.3,34544,
4,3,34350.5,34350.5,34554.2,
4,1,34406.6,34406.6,34590.2,
4,1,34393.6,34393.6,34688.8,
4,1,35531.9,35531.9,35583,
4,2,35376.2,35376.2,35631.7,
5,1,0,0,351.23,
5,1,712.332,712.332,715.925,
5,3,697.093,697.093,764.612,
5,1,409.2,409.2,771.675,
5,2,789.936,789.936,1217.06,
5,1,1023.36,1023.36,1344.64,
5,3,1500.69,1500.69,1603.76,
5,1,1463.16,1463.16,1621.95,
5,3,1446.81,1446.81,1651.01,
5,1,1733.4,1733.4,1868.19,
5,3,1739.71,1868.19,1909.76,
5,3,1488.68,1488.68,1928.79,
5,2,1686.41,1686.41,2001.9,
5,1,1689.98,1689.98,2038.73,
5,1,1889.9,1928.79,2170.44,
5,2,2297,2297,2326.73,
5,2,2268.52,2268.52,2391.76,
5,3,2361.09,2361.09,2614.96,
5,1,2980.25,2980.25,2987.2,
5,1,1763.63,1909.76,3019.33,
5,1,2997,2997,3191.63,
5,3,3552.82,3552.82,3682.79,
5,1,3715.1,3715.1,3826.95,
5,1,2885.28,2885.28,4035.78,
5,2,4727.46,4727.46,4752.71,
5,1,5006.72,5006.72,5445.3,
5,2,5352.88,5352.88,5505.13,
5,3,5049.74,5049.74,5532.97,
5,1,5914.22,5914.22,6030.47,
5,2,6426.56,6426.56,6533.33,
5,1,6575.94,6575.94,6627.98,
5,1,6579.73,6579.73,6764.3,
5,3,6427.72,6427.72,6767.83,
5,2,6746.8,6746.8,6800.63,
5,2,6791.05,6791.05,6942.3,
5,1,6966.82,6966.82,6987.73,
5,3,7082,7082,7097.75,
5,1,7287.08,7287.08,7357.26,
5,1,7289.98,7289.98,7369.72,
5,1,7397.21,7397.21,7444.52,
5,3,8091.01,8091.01,8375.68,
5,1,8119.13,8119.13,8420.16,
5,2,7971.23,7971.23,8421.38,
5,1,8446.04,8446.04,8446.17,
5,1,8457.89,8457.89,8504.55,
5,3,8405.93,8405.93,8695.79,
5,3,9043.26,9043.26,9403.36,
5,2,9240.04,9240.04,9458.25,
5,1,9447.19,9458.25,9468.13,
5,3,9311.35,9403.36,9599.9,
5,3,8837.75,8837.75,9742.61,
5,3,8922.52,8922.52,10106,
5,2,10138,10138,10193.3,
5,3,10125,10125,10485.3,
5,1,11188.2,11188.2,11365.5,
5,1,10984.7,10984.7,11398.5,
5,1,11560.3,11560.3,11758.5,
5,1,11646,11646,11801,
5,1,11036.3,11036.3,12008.8,
5,1,12178.5,12178.5,12240.7,
5,1,12316.4,12316.4,12389.9,
5,3,11926.5,11926.5,12554.7,
5,2,12130.7,12130.7,12566.3,
5,2,12512.4,12512.4,12574.2,
5,1,12578.1,12578.1,12946.4,
5,1,12794.3,12794.3,13029.7,
5,2,12797.6,12797.6,13092.1,
5,3,11952.3,11952.3,13292.6,
5,1,12957.2,13029.7,13408.3,
5,1,12954.6,12954.6,13511.2,
5,2,13963,13963,14110.5,
5,3,13874.7,13874.7,14168.5,
5,3,14179.5,14179.5,14280,
5,1,14350.9,14350.9,14463,
5,1,14433.4,14433.4,14561.7,
5,1,14567.8,14567.8,14580.8,
5,3,14387.5,14387.5,14604.8,
5,1,15294.2,15294.2,15350.3,
5,1,15583.3,15583.3,15622.8,
5,1,15606.1,15606.1,15852.2,
5,2,15822.9,15822.9,15856.5,
5,3,15866.2,15866.2,16327.3,
5,3,16530.9,16530.9,16568.1,
5,1,16539.6,16539.6,16628.6,
5,1,16637.7,16637.7,16800.4,
5,3,16542.1,16542.1,16862.3,
5,3,16964.3,16964.3,17080.6,
5,3,16930.8,16930.8,17169.1,
5,3,17045.1,17045.1,17219.8,
5,1,16882.6,16882.6,17284.3,
5,3,17111.3,17111.3,17400.6,
5,1,17353.5,17353.5,17481.5,
5,3,18027.3,18027.3,18258.8,
5,3,18150.9,18150.9,18471.9,
5,1,18687.1,18687.1,18722.8,
5,2,17962.4,17962.4,18859.4,
5,2,18707.6,18707.6,18869.2,
5,3,19131.8,19131.8,19182.5,
5,3,18949.9,18949.9,19303,
5,1,19496.5,19496.5,19646,
5,1,19324.7,19324.7,19678.9,
5,3,19746.5,19746.5,19863.4,
5,1,20154.4,20154.4,20574.9,
5,1,20461.2,20461.2,20782.7,
5,1,20949.2,20949.2,20966.8,
5,1,20745.3,20745.3,21097.8,
5,1,21027.1,21027.1,21138.8,
5,2,21749.2,21749.2,21836.9,
5,1,21676.1,21676.1,21974.8,
5,1,22133.8,22133.8,22455.1,
5,2,22566.5,22566.5,22658.3,
5,3,22730.3,22730.3,22759,
5,2,22769,22769,22913.2,
5,1,22764.7,22764.7,23454.4,
5,2,23540.6,23540.6,23617.6,
5,1,23669.1,23669.1,23703.7,
5,1,23759.6,23759.6,23994.3,
5,1,24153.3,24153.3,24175.6,
5,1,23930.3,23930.3,24208.8,
5,2,24556.6,24556.6,24609.3,
5,3,24530.2,24530.2,24810.7,
5,1,24891.5,24891.5,24963.6,
5,1,24564.1,24564.1,24988.9,
5,1,25789,25789,25942.3,
5,1,25962.2,25962.2,26164.8,
5,1,25931.6,25931.6,26390.7,
5,1,26349.2,26349.2,26576.3,
5,1,26538.5,26538.5,26594.5,
5,2,26546.5,26546.5,26643.7,
5,1,26495.2,26495.2,26653.7,
5,1,26896.4,26896.4,26952.2,
5,1,26777.6,26777.6,26993.4,
5,2,27377.5,27377.5,27389.4,
5,1,27237.4,27237.4,27458.8,
5,2,26978.6,26978.6,27572.7,
5,1,27529.1,27529.1,27871,
5,3,27701.5,27701.5,27929.3,
5,2,27583.9,27583.9,28094,
5,3,27947.1,27947.1,28229.1,
5,1,27958.9,27958.9,28302.2,
5,3,28129.7,28129.7,28603.6,
5,1,28453.1,28453.1,28632,
5,1,28357,28357,28754.3,
5,2,28705.8,28705.8,28904.8,
5,1,28772.7,28772.7,28910.3,
5,1,28504.8,28504.8,28942.1,
5,3,28823.8,28823.8,29172.6,
5,1,29329.2,29329.2,29382.6,
5,1,29409.4,29409.4,29416.3,
5,3,29195.8,29195.8,29731.6,
5,1,29796.5,29796.5,30154,
5,2,30104.5,30104.5,30178.8,
5,2,29948.2,29948.2,30598.4,
5,3,31588.4,31588.4,31769.5,
5,3,32218.2,32218.2,32312.6,
5,1,32301.7,32301.7,32328.2,
5,2,32439.8,32439.8,33186.7,
5,1,33139.9,33139.9,33189.3,
5,2,33325.1,33325.1,33478.3,
5,3,33612.3,33612.3,33654.9,
5,1,34076.4,34076.4,34099.3,
5,1,34159.9,34159.9,34210,
5,3,34259.5,34259.5,34304.8,
5,1,34280.3,34280.3,34421.1,
5,2,34741.1,34741.1,34867.6,
5,1,35179.5,35179.5,35185.3,
5,2,35698.9,35698.9,35767.6,
6,2,266.969,266.969,279.542,
6,1,0,0,524.59,
6,1,76.0991,76.0991,585.417,
6,3,513.707,513.707,689.023,
6,1,595.424,595.424,1136.9,
6,1,926.722,926.722,1151.29,
6,1,1156.41,1156.41,1202.71,
6,1,1143.91,1143.91,1506.47,
6,1,2595.3,2595.3,2712.85,
6,2,2862.94,2862.94,2977.94,
6,2,2656.01,2656.01,3088.91,
6,3,3156.17,3156.17,3164.08,
6,3,2896.72,2896.72,3320.02,
6,1,2869.67,2869.67,3606.06,
6,1,3945.27,3945.27,3982.9,
6,3,3747.71,3747.71,4111.99,
6,1,3994.48,3994.48,4195.9,
6,3,4240.86,4240.86,4599.44,
6,2,4094.84,4094.84,4612.97,
6,2,4947.76,4947.76,5244.77,
6,1,4967.41,4967.41,5415.03,
6,1,5489.07,5489.07,5594.83,
6,1,5736.06,5736.06,5999.89,
6,1,6025.54,6025.54,6248.31,
6,1,6621.26,6621.26,6624.24,
6,1,6205.17,6205.17,6645.78,
6,1,6479.65,6479.65,7043.33,
6,1,7444.84,7444.84,7515.58,
6,3,7572.91,7572.91,7705.24,
6,1,7480.12,7480.12,7804.67,
6,2,7349.62,7349.62,7809.19,
6,1,7778.4,7778.4,7875.2,
6,3,7963.8,7963.8,7995.85,
6,3,8190.78,8190.78,8213.94,
6,1,8164.12,8164.12,8481.4,
6,1,8555.88,8555.88,9114.48,
6,1,9218.17,9218.17,9252.32,
6,3,9143.02,9143.02,9288.91,
6,2,9688.46,9688.46,10010.8,
6,2,10091.8,10091.8,10132.6,
6,3,10323.6,10323.6,10366.4,
6,1,10417.7,10417.7,10418.4,
6,2,10263.1,10263.1,10446.3,
6,3,10093.2,10093.2,10470.1,
6,2,10829.6,10829.6,10925.8,
6,1,10528.3,10528.3,10938.5,
6,1,11200,11200,11550.5,
6,1,11680.5,11680.5,11708.9,
6,2,11416.9,11416.9,11791.7,
6,2,12517.2,12517.2,12822.5,
6,1,12863,12863,12948.6,
6,1,13015.9,13015.9,13039,
6,2,12800.3,12800.3,13564.5,
6,3,13039.8,13039.8,13586.3,
6,3,13355.8,13355.8,13676,
6,1,13677.9,13677.9,13760.6,
6,3,13650.8,13650.8,13844.3,
6,3,13826.7,13826.7,13902.9,
6,2,13845.7,13845.7,14028.5,
6,3,14407.3,14407.3,14609.5,
6,2,14699.2,14699.2,14799.6,
6,1,15056.3,15056.3,15555.1,
6,3,15944.4,15944.4,16030,
6,2,15951.1,16030,16134.7,
6,1,15648.9,15648.9,16161.5,
6,3,15785.5,15785.5,16221,
6,2,15381.4,15381.4,16395.5,
6,3,16139.2,16139.2,16411.9,
6,2,16980.9,16980.9,17221.3,
6,1,17238.9,17238.9,17375.5,
6,1,16648.5,16648.5,17487.6,
6,3,17355,17355,17641.2,
6,2,17731,17731,17806.9,
6,1,18087.4,18087.4,18120.1,
6,2,18344,18344,18402.5,
6,3,18396.3,18396.3,18479.8,
6,1,19912.9,19912.9,19923,
6,2,19777.6,19777.6,20411.8,
6,1,20469.5,20469.5,20503.6,
6,2,20302.3,20302.3,20659.2,
6,3,20543.4,20543.4,20755.1,
6,3,20389.9,20389.9,20870.6,
6,2,21050,21050,21073.5,
6,2,21055.6,21055.6,21202.9,
6,2,21301.8,21301.8,21617.8,
6,3,21551.4,21551.4,21631.6,
6,2,21798.1,21798.1,21801.9,
6,2,21251.3,21251.3,21889.4,
6,1,21889.5,21889.5,21891.6,
6,1,21978.3,21978.3,22383.2,
6,1,22115,22115,22580.9,
6,1,22674.8,22674.8,22710.2,
6,1,22299.5,22299.5,22995.8,
6,2,22180.8,22180.8,23042.1,
6,1,22816,22816,23077.5,
6,2,22865.5,22995.8,23202.2,
6,2,22964.2,23042.1,23262.7,
6,1,23155.6,23202.2,23273.6,
6,2,23148.8,23148.8,23308.5,
6,2,22726.6,22726.6,23402.6,
6,3,23691.2,23691.2,23717.3,
6,1,23489.4,23489.4,23806.1,
6,2,24048.5,24048.5,24104.1,
6,2,24295.4,24295.4,24377.1,
6,2,23835.4,23835.4,24404.7,
6,1,24323.6,24323.6,24446.6,
6,3,24427,24427,24494.8,
6,1,23542.4,23542.4,24531.2,
6,2,24651.2,24651.2,24704.7,
6,3,24594.4,24594.4,24804.7,
6,1,25041.9,25041.9,25296.8,
6,1,25648.2,25648.2,25714.6,
6,3,25717.1,25717.1,25728.3,
6,1,25425.3,25425.3,25795.1,
6,1,25801.4,25801.4,25812.2,
6,1,25739.8,25739.8,25861.9,
6,3,26251.3,26251.3,26275.3,
6,3,26306.2,26306.2,26425,
6,3,26111.5,26111.5,26508.4,
6,1,26580.5,26580.5,26612.2,
6,2,26529.5,26529.5,26632.2,
6,3,26392.5,26392.5,26810.4,
6,2,27228.8,27228.8,27277,
6,2,27503.6,27503.6,27592.6,
6,1,28018.9,28018.9,28143.9,
6,3,28225,28225,28294.7,
6,3,28513.7,28513.7,28591.3,
6,1,29178.7,29178.7,29187.7,
6,2,29170.8,29170.8,29251.6,
6,1,29006.7,29006.7,29280.4,
6,1,29627.4,29627.4,29670.9,
6,1,29667.5,29667.5,29829.2,
6,1,29821.7,29821.7,29834.1,
6,2,29847.5,29847.5,29990.1,
6,3,29902.9,29902.9,30032.9,
6,1,30582.1,30582.1,30746,
6,3,31007.2,31007.2,31045.9,
6,3,31038.1,31038.1,31107.8,
6,1,31078.5,31078.5,31167,
6,1,31554.5,31554.5,31604.5,
6,3,31808.4,31808.4,31828.8,
6,1,31860.6,31860.6,31954.8,
6,1,32064.3,32064.3,32089.6,
6,2,32043.1,32043.1,32181.2,
6,1,31872.7,31872.7,32311.1,
6,1,32288.3,32288.3,32367.4,
6,3,31972.2,31972.2,32454.8,
6,1,32298.8,32298.8,32469,
6,1,33542.2,33542.2,33560,
6,3,33313.1,33313.1,33884,
6,2,34124.3,34124.3,34323.1,
6,1,33596.6,33596.6,34349.1,
6,1,34194.7,34323.1,34494.9,
6,1,34231.6,34349.1,34638.5,
6,3,33712.8,33712.8,34757.4,
6,1,34053.7,34053.7,35009.6,
6,3,35337.3,35337.3,35391.9,
6,3,35206.8,35206.8,35493.9,
6,2,35282.8,35282.8,35506.7,
6,1,35345.6,35345.6,35596.2,
6,3,35769.5,35769.5,35932.8,
6,3,35871.1,35871.1,35944.5,
7,1,0,0,530.382,
7,3,544.361,544.361,744.815,
7,2,944.021,944.021,1009.13,
7,3,630.94,630.94,1074.17,
7,1,970.859,970.859,1226.46,
7,1,7.42107,7.42107,1363.26,
7,1,1498.59,1498.59,1545.69,
7,2,1213.6,1213.6,1650.49,
7,2,1637.89,1637.89,2199.55,
7,1,1999.8,1999.8,2250.03,
7,1,2341.98,2341.98,2388.79,
7,2,2602.21,2602.21,3170.4,
7,2,3717.18,3717.18,3728.97,
7,1,2984.48,2984.48,3753.88,
7,3,3456.1,3456.1,3846.75,
7,1,3858.46,3858.46,3867.87,
7,1,4149.2,4149.2,4393.77,
7,1,3250.83,3250.83,4495.38,
7,1,4494.72,4494.72,4601.48,
7,3,4224.54,4224.54,4786.13,
7,1,5560.2,5560.2,5645.87,
7,1,6098.91,6098.91,6160.96,
7,3,6182.52,6182.52,6287.63,
7,2,6785,6785,6798.89,
7,3,6751.25,6751.25,6937.4,
7,1,6953.23,6953.23,7004.65,
7,1,7200.31,7200.31,7566.75,
7,1,7329.35,7329.35,8140.05,
7,3,8091.93,8140.05,8388.65,
7,1,8009.1,8009.1,8459.09,
7,3,7889.07,7889.07,8648.01,
7,2,8337.3,8388.65,8738.2,
7,1,8745.71,8745.71,8792.24,
7,1,8926.2,8926.2,8991.63,
7,3,8853.73,8853.73,9044.88,
7,1,7890.81,7890.81,9128.43,
7,2,8369.78,8459.09,9215.47,
7,3,9206.28,9206.28,9244.84,
7,1,9235.39,9235.39,9266.9,
7,1,9068.05,9068.05,9305.76,
7,1,9682.86,9682.86,9689.44,
7,2,9453.06,9453.06,9717.02,
7,1,9594.09,9594.09,9870.75,
7,3,9522.82,9522.82,9940.56,
7,2,10664,10664,10932.6,
7,3,10659.9,10659.9,10996.6,
7,1,10760.3,10760.3,11013.5,
7,1,11065.2,11065.2,11124.8,
7,3,10897.4,10897.4,11182.9,
7,1,11187.8,11187.8,11421.2,
7,1,11422.1,11422.1,11487.2,
7,3,11698.1,11698.1,12135.8,
7,2,12002.2,12002.2,12173.8,
7,1,12176.7,12176.7,12252.5,
7,2,12529.6,12529.6,12669.8,
7,3,12547.2,12547.2,13126,
7,3,13042.1,13126,13197.8,
7,3,12783.2,12783.2,13218.3,
7,1,12950.5,12950.5,13268,
7,2,13053,13197.8,13355.4,
7,1,13440,13440,13487.8,
7,2,13335.5,13335.5,13701,
7,3,12687.6,12687.6,13826.8,
7,3,13617.9,13617.9,13827.3,
7,1,13156.5,13218.3,14043.3,
7,1,14074.9,14074.9,14210.4,
7,2,14175.8,14175.8,14214.2,
7,2,14414.4,14414.4,14537.4,
7,1,14277.4,14277.4,14675.9,
7,2,14753.3,14753.3,14768.4,
7,1,14788.1,14788.1,14858.8,
7,1,14871.1,14871.1,14980.2,
7,1,14970.8,14970.8,15104.4,
7,1,14829.7,14829.7,15405.5,
7,1,15722.5,15722.5,15749.6,
7,1,15933.6,15933.6,15974.6,
7,2,15995.8,15995.8,16395.8,
7,2,16267.8,16267.8,16492.1,
7,1,16909.2,16909.2,17057.8,
7,3,17037.7,17037.7,17130.1,
7,1,16608.3,16608.3,17348.4,
7,1,17083.8,17083.8,17468.8,
7,1,17464.1,17464.1,18090.1,
7,3,18022.9,18022.9,18240.8,
7,1,18349.2,18349.2,18639.8,
7,1,18647.9,18647.9,18854.1,
7,1,17708,17708,19426.2,
7,3,19161.1,19161.1,19531.1,
7,1,19502.4,19502.4,19622.7,
7,3,20479.4,20479.4,20596.9,
7,3,20686.3,20686.3,20798.8,
7,1,21046.2,21046.2,21211.9,
7,1,21052.3,21211.9,21232.2,
7,3,21123.5,21232.2,21339.4,
7,1,20999.6,20999.6,21369.4,
7,3,21032.9,21032.9,21417.3,
7,3,21220.9,21339.4,21471.1,
7,1,20330.1,20330.1,21553,
7,1,21735.6,21735.6,21744.7,
7,1,21355.9,21369.4,21806.7,
7,1,21749.8,21749.8,22033,
7,3,21936.6,21936.6,22065.4,
7,3,22064.3,22064.3,22149.4,
7,3,21701.7,21701.7,22371.6,
7,1,22395.8,22395.8,22838.4,
7,1,22820.3,22820.3,23010.8,
7,1,23451.7,23451.7,23519.4,
7,2,23740.5,23740.5,23822.5,
7,1,23736.3,23736.3,24005.7,
7,1,24837.7,24837.7,24936.7,
7,1,25063.8,25063.8,25185,
7,3,25247.5,25247.5,25392.5,
7,3,26034.7,26034.7,26111,
7,1,25443.3,25443.3,26327.7,
7,1,26600.7,26600.7,26604.5,
7,2,26499.2,26499.2,26721.7,
7,1,26846.5,26846.5,26849.5,
7,1,26672.6,26672.6,27018.2,
7,3,26568.5,26568.5,27162.8,
7,2,27622.2,27622.2,27675.5,
7,1,27526.6,27526.6,27994.3,
7,1,28388,28388,28433.3,
7,3,28179.3,28179.3,28582.9,
7,2,28370.2,28370.2,28639.3,
7,3,28833.1,28833.1,29295,
7,3,29033.7,29033.7,29337.9,
7,3,29022.7,29022.7,29392.3,
7,1,29823.3,29823.3,30025.9,
7,2,29758.7,29758.7,30178.7,
7,2,29901.2,29901.2,30287.8,
7,1,29797.8,29797.8,30382.8,
7,3,30072,30072,30488.4,
7,1,30657.9,30657.9,30688,
7,1,30500.4,30500.4,30846.9,
7,2,30987.9,30987.9,31023.2,
7,3,30470.5,30470.5,31454.1,
7,1,31491.5,31491.5,31614.9,
7,1,31696.4,31696.4,31940.4,
7,1,31297.5,31297.5,31993.8,
7,2,31458,31458,31995.9,
7,3,31626.2,31626.2,32001,
7,3,31752.2,31993.8,32295.9,
7,1,31743.9,31940.4,32320.2,
7,2,32394.7,32394.7,32470.3,
7,1,32395.9,32395.9,32715.6,
7,2,32526.1,32526.1,33024,
7,1,32683,32683,33332.8,
7,3,33232.9,33232.9,33383.1,
7,1,33469.2,33469.2,33525.6,
7,1,33183.8,33183.8,33658.4,
7,1,33449,33449,33675.9,
7,3,33733.2,33733.2,33828,
7,3,32752.8,32752.8,33880.9,
7,1,33481.6,33525.6,33925.4,
7,1,33923.1,33923.1,33986.9,
7,3,34197.4,34197.4,34425.4,
7,1,34446.8,34446.8,34563.7,
7,2,34770.5,34770.5,34896,
7,3,34768.3,34768.3,35034.6,
7,1,34870.5,34870.5,35049,
7,1,34627,34627,35156.1,
7,1,35153.1,35153.1,35216.6,
7,3,35369.4,35369.4,35504.5,
8,1,122.459,122.459,163.289,
8,2,0,0,208.284,
8,1,65.2284,65.2284,538.897,
8,1,335.63,335.63,694.792,
8,3,760.232,760.232,950.339,
8,1,1510.67,1510.67,1607.68,
8,1,1626.21,1626.21,1722.07,
8,2,1781.68,1781.68,1891.9,
8,1,1826.49,1826.49,1926.09,
8,1,726.203,726.203,2307.95,
8,2,1632.65,1632.65,2638.59,
8,3,2435.33,2435.33,2763.31,
8,1,1996.05,1996.05,2806.1,
8,2,3082.26,3082.26,3131.92,
8,1,2656.74,2656.74,3246.89,
8,1,3029.43,3029.43,3432.26,
8,1,3552.1,3552.1,3698.37,
8,1,3350.08,3350.08,3749.09,
8,3,3208.56,3208.56,4140.16,
8,2,3445.98,3445.98,4218.09,
8,3,4198.93,4218.09,4362.88,
8,1,4214.3,4362.88,4418.73,
8,1,3796.07,3796.07,4482.75,
8,1,4278.81,4418.73,4556.69,
8,1,4454.19,4556.69,4928.06,
8,1,4279.32,4482.75,4948.4,
8,3,4003.23,4140.16,4950.66,
8,2,5464.43,5464.43,5467.8,
8,1,3975.14,3975.14,5682.86,
8,3,5820.6,5820.6,5857.04,
8,1,6022.18,6022.18,6163.14,
8,1,5676.65,5676.65,6171,
8,1,5992.64,5992.64,6321.53,
8,1,6284.03,6284.03,6368.42,
8,3,5667.42,5667.42,6606.63,
8,1,6154.21,6163.14,6754.44,
8,1,7091.66,7091.66,7118.07,
8,1,7465.02,7465.02,7649.13,
8,2,7691.45,7691.45,7758.56,
8,3,7618.14,7618.14,7835.91,
8,1,7749.86,7749.86,8057.6,
8,1,8201.17,8201.17,9277.1,
8,1,9159.75,9159.75,9412.62,
8,1,9166.3,9166.3,9417.13,
8,3,9342.92,9342.92,9498.72,
8,1,9347.73,9347.73,9562.15,
8,3,9675.81,9675.81,9775.07,
8,1,9351.69,9412.62,9974.65,
8,1,9814.18,9814.18,9981.02,
8,3,9817.24,9817.24,10035.3,
8,1,9864.19,9864.19,10141.7,
8,1,10371,10371,10446.5,
8,3,10059.6,10059.6,10751.3,
8,1,10654.2,10654.2,10947.3,
8,2,10979.9,10979.9,11044.2,
8,3,11589.7,11589.7,11660.8,
8,1,11247.5,11247.5,11737.8,
8,3,11751.3,11751.3,11856.9,
8,3,11779.3,11779.3,11966.8,
8,1,11877.2,11877.2,11977.2,
8,1,11777,11777,12338.5,
8,1,12073,12073,12509,
8,1,12610.9,12610.9,12933.6,
8,3,12803.3,12803.3,13313.4,
8,1,13503.1,13503.1,13538,
8,1,13659.8,13659.8,13688.2,
8,2,13447,13447,13693.4,
8,2,13827.8,13827.8,13977.5,
8,1,13690.5,13690.5,14043,
8,2,14233.8,14233.8,14291.5,
8,1,14434.3,14434.3,14619.2,
8,1,14973.3,14973.3,15082.1,
8,1,13806.8,13806.8,15117.9,
8,1,15120.9,15120.9,15198.4,
8,2,15609.4,15609.4,15728.5,
8,2,15688,15688,15886.3,
8,2,15699.8,15699.8,16120.3,
8,1,16086.3,16120.3,16253.1,
8,1,16077.8,16077.8,16293.4,
8,2,16167.8,16253.1,16298.1,
8,3,15518.6,15518.6,16410.3,
8,2,15814.5,15814.5,16533.3,
8,2,16344.1,16344.1,16590.6,
8,2,16531.2,16531.2,16718.2,
8,2,17275,17275,17301.7,
8,1,17524.2,17524.2,17803.7,
8,2,17754.2,17754.2,17933.9,
8,1,17421.9,17421.9,18145.7,
8,2,18185.5,18185.5,18885.9,
8,2,18948.9,18948.9,19444.2,
8,3,19482.3,19482.3,19647.3,
8,1,19653.6,19653.6,19682,
8,1,19479.4,19479.4,19842.6,
8,1,20178.9,20178.9,20516.2,
8,3,20243.9,20243.9,20648.7,
8,2,20396.4,20516.2,20787.9,
8,2,20794.3,20794.3,20819.2,
8,1,20794.9,20819.2,20821.3,
8,1,20652.8,20652.8,20838.8,
8,3,20316.4,20316.4,20891.1,
8,1,20017.7,20017.7,21018.8,
8,2,20970.9,20970.9,21254.8,
8,2,21256.5,21256.5,21356.6,
8,3,21643.6,21643.6,21643.9,
8,1,21496.6,21496.6,22012.4,
8,1,21648.5,21648.5,22102.4,
8,1,21809.7,21809.7,22182.1,
8,1,22211.3,22211.3,22273.8,
8,3,21955.4,21955.4,22345.3,
8,1,22236,22236,22349.9,
8,1,22307.2,22345.3,22438.5,
8,2,22246.4,22246.4,22502.1,
8,2,22258.5,22273.8,22566,
8,1,22972.7,22972.7,23099.7,
8,3,23066,23099.7,23298,
8,1,22853.8,22853.8,23298.2,
8,2,23061.9,23061.9,23380.3,
8,1,23548,23548,23656,
8,3,23030.9,23030.9,23688.9,
8,3,23513.5,23513.5,23779.4,
8,1,23401.2,23401.2,23847.8,
8,1,23607.3,23656,24239.3,
8,3,23973.5,23973.5,24381.3,
8,2,23904.9,23904.9,24584.3,
8,1,24352.8,24352.8,24784.7,
8,1,25089.3,25089.3,25150.5,
8,1,25317.1,25317.1,25335,
8,3,25665.6,25665.6,25672.2,
8,1,25628.4,25628.4,25678.2,
8,3,25022,25022,25962,
8,3,25638.5,25638.5,25964.4,
8,2,26147.9,26147.9,26329.4,
8,2,26367.4,26367.4,26708.7,
8,2,26782.4,26782.4,26812,
8,1,26811.8,26811.8,27052.8,
8,2,26207.3,26207.3,27166.1,
8,3,27351,27351,27427.6,
8,1,27317.9,27317.9,27448.5,
8,2,27045.5,27045.5,27773.9,
8,3,28514.1,28514.1,28586.3,
8,3,28182.4,28182.4,28624.8,
8,2,28439,28439,28627.1,
8,1,29069.6,29069.6,29098.5,
8,1,28829.9,28829.9,29182.1,
8,3,28477.1,28477.1,29195.9,
8,2,29238.5,29238.5,29555.2,
8,1,29322.1,29322.1,29643.7,
8,3,29521,29521,29917.7,
8,2,30300.5,30300.5,30448.3,
8,1,30890.9,30890.9,30995,
8,3,30966.2,30966.2,31018.3,
8,1,31208.2,31208.2,31344.8,
8,1,30811.6,30811.6,31523.7,
8,1,31046.5,31046.5,31537.5,
8,1,31467.6,31467.6,31605.7,
8,1,31487.4,31487.4,31618.2,
8,2,32166.4,32166.4,32239.5,
8,1,32044.9,32044.9,32370.1,
8,1,31623,31623,32390,
8,1,32342.9,32342.9,32483,
8,2,33095.2,33095.2,33467.2,
8,2,33180.2,33180.2,33484.3,
8,3,32399.8,32399.8,33796.6,
8,2,33813.4,33813.4,34011,
8,2,34535.1,34535.1,34598.4,
8,1,34409.5,34409.5,34819.6,
8,2,34720.1,34720.1,35025.5,
8,3,35240.9,35240.9,35295.1,
8,1,34422.3,34422.3,35398.8,
8,2,35495.5,35495.5,35931.2,
9,1,0,0,156.359,
9,3,431.985,431.985,481.375,
9,1,670.385,670.385,674.116,
9,1,602.184,602.184,709.566,
9,2,601.48,601.48,916.299,
9,1,1151.55,1151.55,1272.8,
9,1,976.536,976.536,1440.87,
9,1,1398.49,1440.87,1456.46,
9,2,1395.2,1395.2,1514.98,
9,1,1094.76,1094.76,1541.99,
9,3,1374.51,1374.51,1746.81,
9,1,1793.04,1793.04,1894.24,
9,2,1927.11,1927.11,1963.13,
9,1,2106.65,2106.65,2216.81,
9,2,2014.92,2014.92,2260.23,
9,3,1628.45,1628.45,2417.38,
9,2,2786.75,2786.75,2986.66,
9,1,2815.02,2815.02,3105.37,
9,1,2827.1,2986.66,3221.91,
9,2,2634.64,2634.64,3232.08,
9,1,3161.59,3161.59,3424.86,
9,1,2340.84,2340.84,3431.57,
9,2,3510.7,3510.7,3522.46,
9,1,3352.71,3352.71,3651.75,
9,1,3559.03,3559.03,3781.6,
9,2,3587,3587,3982.49,
9,1,3824.55,3824.55,4057.95,
9,3,3767.18,3767.18,4323.16,
9,3,3786.37,3786.37,4392.61,
9,1,4044.13,4057.95,4408.61,
9,2,3997.93,3997.93,4668.84,
9,2,4643.37,4643.37,4687.98,
9,2,4549.72,4549.72,4878.57,
9,3,4637.16,4637.16,5265.89,
9,1,5539.36,5539.36,5697.06,
9,2,5722.55,5722.55,5732.58,
9,3,5148.9,5148.9,5898.57,
9,1,5891.48,5891.48,5993.62,
9,1,6033.57,6033.57,6258.56,
9,2,5880.71,5880.71,6268.71,
9,2,6679.88,6679.88,6802.51,
9,2,6041.94,6041.94,6856.73,
9,3,7391.82,7391.82,7407.28,
9,1,6862.29,6862.29,7518.63,
9,2,7620.24,7620.24,7718.09,
9,3,7557.93,7557.93,7733.2,
9,1,8259.46,8259.46,8323.1,
9,1,8252.32,8252.32,8598.84,
9,1,9593.68,9593.68,9708.35,
9,3,9696.03,9696.03,9922.53,
9,1,9977.85,9977.85,10088.1,
9,1,10207.8,10207.8,10219.9,
9,3,9099.7,9099.7,10357,
9,2,10117.4,10117.4,10463.5,
9,2,10847.9,10847.9,11103.7,
9,1,10717.9,10717.9,11511.1,
9,3,10618.3,10618.3,11514.1,
9,1,11693.1,11693.1,12077.1,
9,1,12480.8,12480.8,12576.7,
9,3,12836.1,12836.1,13147.3,
9,2,13193,13193,13253.6,
9,3,13108.8,13108.8,13273.6,
9,1,13362.9,13362.9,13603.1,
9,1,13607.1,13607.1,13622.2,
9,1,14648.7,14648.7,14723.5,
9,1,14821.7,14821.7,14834.1,
9,1,14888.9,14888.9,14908.4,
9,3,15618.9,15618.9,15710.7,
9,1,15371,15371,16115.8,
9,2,16099.9,16099.9,16116.7,
9,2,15494.8,15494.8,16223.4,
9,1,17126.6,17126.6,17289.9,
9,3,17080.1,17080.1,17331.1,
9,1,17260.8,17289.9,17531.5,
9,3,17450.6,17450.6,17534.8,
9,2,17217.4,17217.4,17590,
9,1,17473.4,17531.5,17593.8,
9,2,16846.8,16846.8,17695.9,
9,1,17933.7,17933.7,17947.4,
9,3,17895.8,17895.8,18496,
9,1,18436,18436,18500.2,
9,1,18829.7,18829.7,19009.6,
9,1,19113.6,19113.6,19384.5,
9,1,18813.5,18813.5,19644.1,
9,1,20293.8,20293.8,20331,
9,2,20112,20112,20431.7,
9,3,20261.4,20261.4,20647.7,
9,3,20466.1,20466.1,20795.8,
9,1,20962.2,20962.2,20980.5,
9,1,21111.8,21111.8,21367.8,
9,1,21288.5,21288.5,21465.5,
9,1,21420.1,21420.1,21768.9,
9,2,21673.9,21673.9,21778.8,
9,3,21755.7,21755.7,21852.1,
9,3,21692.4,21692.4,22044.9,
9,2,22063,22063,22147.5,
9,1,22145.9,22145.9,22305.9,
9,3,22370.6,22370.6,22435.6,
9,3,22308.3,22308.3,22617.2,
9,1,22216.1,22216.1,22629.9,
9,3,22700.6,22700.6,22758.1,
9,1,22270.3,22270.3,22829.8,
9,3,22990.5,22990.5,23132.5,
9,1,23004.8,23004.8,23265.9,
9,2,23318.1,23318.1,23439.3,
9,1,23162.8,23162.8,23556.5,
9,1,23538.3,23538.3,23607.8,
9,3,24100.3,24100.3,24150.3,
9,2,24196.2,24196.2,24237.7,
9,1,24143.4,24143.4,24380.2,
9,1,24984.4,24984.4,25002.9,
9,2,25456.2,25456.2,25620.1,
9,2,25681.2,25681.2,25893.4,
9,3,25896.7,25896.7,26017.2,
9,1,26076.5,26076.5,26086.9,
9,2,26189.5,26189.5,26375.8,
9,2,25993.6,25993.6,26401.8,
9,3,25811.4,25811.4,26504.2,
9,1,26701.6,26701.6,26715.7,
9,1,26875.7,26875.7,27079.9,
9,2,27023.2,27023.2,27404.9,
9,1,27718.6,27718.6,27776.9,
9,3,27452,27452,27783,
9,3,27249.1,27249.1,28094.3,
9,3,27874.1,27874.1,28177.7,
9,1,28055.9,28055.9,28245.5,
9,1,28118.4,28118.4,28784.7,
9,1,28744.5,28744.5,29258.2,
9,1,29175.7,29175.7,29312.7,
9,2,28948.6,28948.6,29345.8,
9,2,29139.9,29139.9,29527.2,
9,1,29939.4,29939.4,30060.5,
9,3,29564.2,29564.2,30092.5,
9,1,29925.3,29925.3,30303.5,
9,3,30659.8,30659.8,30765.8,
9,3,31007.3,31007.3,31152.5,
9,1,31135.3,31152.5,31161.7,
9,2,31217.7,31217.7,31251.2,
9,3,30412.5,30412.5,31261.4,
9,1,31047.2,31047.2,31311.5,
9,1,31477.3,31477.3,31588.9,
9,3,31595.8,31595.8,31684.8,
9,1,31761.6,31761.6,31815.7,
9,1,31482.2,31482.2,32022.5,
9,3,31008.8,31008.8,32275.2,
9,2,32020.8,32020.8,32320.7,
9,1,32284.7,32284.7,32643.9,
9,1,32745.7,32745.7,32828.3,
9,1,32755,32755,32852.9,
9,3,32941.8,32941.8,32945.2,
9,3,32883.2,32883.2,33049.1,
9,1,33016.9,33016.9,33147.6,
9,3,32860.4,32860.4,33158,
9,2,33229.9,33229.9,33233.5,
9,3,33300.6,33300.6,33301.8,
9,1,33207.2,33207.2,33459.7,
9,1,33579.2,33579.2,33712.3,
9,1,33659.6,33659.6,33857.8,
9,3,33844,33844,33864.4,
9,2,33071.3,33071.3,33914,
9,1,33573.7,33573.7,33947.2,
9,1,33961.2,33961.2,34039.4,
9,3,34389.6,34389.6,34532.7,
9,2,34373.1,34373.1,34552.5,
9,1,34436.6,34436.6,34752.2,
9,1,34873.1,34873.1,34971.9,
9,1,34670.1,34670.1,34990.9,
9,2,35077.1,35077.1,35084.7,
9,3,35265.4,35265.4,35434.2,
9,1,35234.6,35234.6,35472.4,
10,3,121.257,121.257,148.906,
10,3,0,0,195.054,
10,2,414.263,414.263,669.868,
10,1,1002.57,1002.57,1013.24,
10,1,872.818,872.818,1077.32,
10,3,1934.85,1934.85,1940.83,
10,1,2344.69,2344.69,2734.75,
10,1,2510.42,2510.42,2840.8,
10,1,1682.58,1682.58,2898.85,
10,3,2614.27,2734.75,2916.42,
10,2,3390.68,3390.68,3448.19,
10,2,3145.68,3145.68,3710.93,
10,3,3557.46,3557.46,3711.85,
10,3,3675.01,3675.01,3750.63,
10,2,2388.27,2388.27,4017.78,
10,3,4754.06,4754.06,4769.7,
10,3,4755.45,4755.45,4913.98,
10,1,4460.97,4460.97,5169.9,
10,2,5219.48,5219.48,5237.47,
10,1,5249.29,5249.29,5468.69,
10,1,5679.56,5679.56,5806.1,
10,2,5135.98,5135.98,5954.93,
10,3,5682.39,5806.1,5971,
10,1,5880.46,5954.93,5994.37,
10,2,5387.27,5387.27,6075.95,
10,1,5304.58,5304.58,6261.52,
10,2,6270.44,6270.44,6379.17,
10,1,6178.67,6178.67,6384.14,
10,1,6164.49,6164.49,6404.39,
10,2,6519.61,6519.61,6531.09,
10,1,6927.8,6927.8,6932.03,
10,1,7098.14,7098.14,7146.13,
10,1,7189.5,7189.5,7261.01,
10,2,7253.67,7261.01,7295.72,
10,3,7313.57,7313.57,7453.45,
10,2,6862.77,6862.77,7460.08,
10,1,7040.64,7040.64,7666.15,
10,1,7160.13,7160.13,7788.74,
10,1,7711.48,7711.48,8015.77,
10,2,7752.77,7752.77,8120.68,
10,1,8192.23,8192.23,8467.74,
10,1,8294.2,8294.2,8494.82,
10,2,8894.7,8894.7,8918.21,
10,3,9196.04,9196.04,9245.72,
10,3,9098.98,9098.98,9653.62,
10,3,9732.22,9732.22,9763.01,
10,2,9273.28,9273.28,9848.4,
10,1,10525,10525,10595.9,
10,3,10300.3,10300.3,10649.8,
10,3,9305.91,9305.91,10828.5,
10,3,10940.9,10940.9,11116.6,
10,3,10977.3,10977.3,11329.8,
10,1,11613.6,11613.6,11616.5,
10,2,11063.7,11063.7,11677,
10,1,11991.3,11991.3,12027.9,
10,1,11988.9,11988.9,12106.4,
10,3,12282.3,12282.3,12594,
10,3,12158.5,12158.5,12673.6,
10,2,12426,12426,12673.9,
10,1,12520.5,12520.5,12704.1,
10,3,12645.3,12673.6,12732.9,
10,2,12569.5,12594,12746.8,
10,3,12836,12836,12954.6,
10,3,13360.3,13360.3,13462.3,
10,2,13458.6,13458.6,13670.7,
10,3,13163.2,13163.2,14324,
10,1,13581.2,13581.2,14373.3,
10,3,14061.9,14061.9,14388.2,
10,2,15263.5,15263.5,15276.6,
10,1,14998.4,14998.4,15321.5,
10,2,15317.3,15317.3,15352.6,
10,3,15436.4,15436.4,15961.5,
10,1,15977.5,15977.5,16161.3,
10,3,16047.1,16047.1,16186.2,
10,1,15969.9,15969.9,16778.4,
10,2,16709.9,16709.9,16808.1,
10,2,16861.3,16861.3,16867.7,
10,3,16945.8,16945.8,16953.7,
10,1,16566,16566,16975.2,
10,1,16923.8,16923.8,17128.8,
10,1,17124.6,17124.6,17168.7,
10,1,17054.2,17054.2,17236.8,
10,1,17153.1,17153.1,17402,
10,3,17346.1,17402,17420.4,
10,1,17272,17272,17423,
10,1,17151.6,17151.6,17563.1,
10,1,17428.1,17428.1,17753.5,
10,1,17219.2,17219.2,17799.7,
10,1,17977.3,17977.3,18259.4,
10,1,17841,17841,18267.5,
10,1,18150.8,18150.8,18447.2,
10,1,18284.5,18284.5,18528.7,
10,2,19245,19245,19281.7,
10,3,19899.4,19899.4,20132.1,
10,3,19708.5,19708.5,20177.7,
10,3,19866,19866,20615.5,
10,2,20460.2,20460.2,20762.2,
10,2,20805,20805,20892.5,
10,1,20941.8,20941.8,21019.3,
10,2,20919.3,20919.3,21159.2,
10,3,20940.9,20940.9,21574.4,
10,1,20910.1,20910.1,21625.8,
10,1,21891.1,21891.1,22042.9,
10,3,22105.8,22105.8,22112.5,
10,2,22093.2,22093.2,22164.5,
10,1,21589.1,21589.1,22329.8,
10,1,22822.3,22822.3,22903.4,
10,2,22887.5,22887.5,22928.5,
10,1,23045.3,23045.3,23338.3,
10,1,23464.1,23464.1,23499.2,
10,3,23920.2,23920.2,23938.1,
10,1,23720.9,23720.9,23955,
10,2,23619.9,23619.9,24142.5,
10,3,23216.7,23216.7,24162,
10,3,24135.2,24135.2,24241.9,
10,3,24220.3,24220.3,24384.6,
10,3,24824.6,24824.6,24897.3,
10,1,25789,25789,26175.8,
10,3,25533.8,25533.8,26199.5,
10,1,25809.9,25809.9,26278.2,
10,2,26455.6,26455.6,26497.4,
10,2,26031,26031,26678.5,
10,1,26775.2,26775.2,26788,
10,3,26193.2,26193.2,26818.5,
10,1,27064,27064,27079.2,
10,2,26759.9,26759.9,27183.6,
10,1,26891.7,26891.7,27216.6,
10,1,26948.3,26948.3,27281.9,
10,2,27246.5,27246.5,27743.8,
10,1,27776.2,27776.2,27799.8,
10,2,27961.8,27961.8,27979.9,
10,1,28096.7,28096.7,28428.1,
10,2,28465.8,28465.8,28653.4,
10,1,28403.4,28403.4,28700.3,
10,2,29109.7,29109.7,29470.9,
10,3,29295.2,29295.2,29498,
10,2,29355.5,29355.5,29546.2,
10,1,29331.9,29331.9,29638.6,
10,1,29600.9,29600.9,29698.2,
10,1,30002.1,30002.1,30447.4,
10,1,30282.6,30282.6,30613.4,
10,2,30836.1,30836.1,30930.8,
10,1,30843.4,30843.4,31270.2,
10,3,31247.5,31247.5,31363.9,
10,1,31242.6,31242.6,31418,
10,1,30690.6,30690.6,31515.3,
10,1,31784.2,31784.2,31841.4,
10,1,31941.6,31941.6,32002.8,
10,1,32039,32039,32383,
10,3,32006,32006,32472.7,
10,3,32529.4,32529.4,32587.2,
10,1,32628.9,32628.9,33210.1,
10,3,33013.1,33210.1,33254.4,
10,1,31829.2,31829.2,33357,
10,2,33113.4,33357,33367.4,
10,1,33232.3,33367.4,33381.5,
10,1,33104.1,33254.4,33451.6,
10,2,33827.8,33827.8,33857.1,
10,3,32413.4,32413.4,34053.4,
10,3,32964.4,32964.4,34411.7,
10,1,34326.7,34326.7,34607.3,
10,3,33486.5,33486.5,34757.1,
10,1,34572.3,34572.3,34904.7,
10,2,35045.8,35045.8,35130.9,
10,3,35386.6,35386.6,35411.6,
10,2,35533.7,35533.7,35591.7,
10,2,34493.6,34493.6,35608.5,
10,3,35668.8,35668.8,35763.7,
11,1,0,0,103.783,
11,2,46.7002,46.7002,161.668,
11,1,512.822,512.822,674.235,
11,1,830.699,830.699,950.268,
11,1,698.214,698.214,952.388,
11,3,668.663,668.663,1010.26,
11,2,1245.13,1245.13,1344.56,
11,2,1168.79,1168.79,1570.11,
11,3,1527.32,1527.32,1639.18,
11,2,1203.98,1203.98,1805.76,
11,2,2320.25,2320.25,2322.34,
11,2,1963.12,1963.12,2332.09,
11,2,2638.96,2638.96,2672.82,
11,3,2873.67,2873.67,3036.93,
11,3,2813.72,2813.72,3291.13,
11,2,3789.11,3789.11,3799.58,
11,2,3798.82,3798.82,4073.31,
11,1,3572.6,3572.6,4206.97,
11,1,4419.57,4419.57,4424.13,
11,1,4862.88,4862.88,4880.16,
11,1,4917.73,4917.73,4965.25,
11,3,4816.71,4816.71,5402.15,
11,2,5520.84,5520.84,5581.67,
11,1,5823.24,5823.24,5931.96,
11,1,6286.15,6286.15,6317.49,
11,1,5992.91,5992.91,6366.63,
11,1,6495.4,6495.4,6496.93,
11,3,6300.91,6300.91,6772.76,
11,3,6788.73,6788.73,7020.51,
11,3,7083.46,7083.46,7151.62,
11,1,7064.44,7064.44,7258.74,
11,1,7084.66,7151.62,7277.91,
11,2,6882.27,6882.27,7301.19,
11,1,6920.73,6920.73,7385.5,
11,1,7299.45,7301.19,7426.29,
11,1,7478.67,7478.67,7618.04,
11,1,7761.68,7761.68,7880,
11,1,7157.87,7258.74,7916.26,
11,1,7220.6,7277.91,8050.28,
11,2,8045.12,8045.12,8134.94,
11,1,7547.01,7547.01,8533.02,
11,1,8524.38,8524.38,8577.37,
11,2,7811.33,7880,9057.67,
11,1,9034.75,9034.75,9159.83,
11,1,8078.68,8078.68,9386.6,
11,1,9068.26,9068.26,9403.08,
11,1,9193.1,9193.1,9611.16,
11,1,9605.05,9605.05,9881.67,
11,3,9456.63,9456.63,9906.72,
11,1,9808.32,9808.32,9934.21,
11,2,10462.1,10462.1,10601.2,
11,1,10526.3,10526.3,10662.9,
11,3,9977.88,9977.88,10736.7,
11,1,11053.9,11053.9,11065.7,
11,2,11097.3,11097.3,11241.1,
11,3,10936.4,10936.4,11296.4,
11,1,11127.1,11127.1,11347.3,
11,3,11319.9,11319.9,11357.8,
11,2,11367.7,11367.7,11391.2,
11,2,11654.6,11654.6,11830.7,
11,3,11855.2,11855.2,11927,
11,3,12235.5,12235.5,12512.6,
11,3,12079.3,12079.3,12615.3,
11,1,12706.9,12706.9,12734.1,
11,3,13116.9,13116.9,13196.6,
11,1,13304.7,13304.7,13355.5,
11,3,12829.8,12829.8,13437.5,
11,3,13529.3,13529.3,13549.4,
11,1,13417.2,13417.2,13594.9,
11,2,13389.2,13389.2,13671.7,
11,2,13502.9,13502.9,13714.8,
11,2,14050,14050,14270.7,
11,2,14217.4,14217.4,14294,
11,1,14866.2,14866.2,14867,
11,3,14905.5,14905.5,14920,
11,3,15296.1,15296.1,15308.8,
11,3,14641.6,14641.6,15508.8,
11,3,15108.6,15108.6,15602.2,
11,1,15930.7,15930.7,16067.9,
11,1,16247.8,16247.8,16339.4,
11,1,16380.6,16380.6,17085.7,
11,1,17215.2,17215.2,17668.1,
11,1,17973.5,17973.5,18166.2,
11,3,17959.3,17959.3,18243.9,
11,2,18288.5,18288.5,18321,
11,2,18071.1,18071.1,18800.5,
11,1,18795.2,18800.5,18889.9,
11,1,18287.5,18287.5,18992.9,
11,3,18875.1,18992.9,19015.7,
11,2,18807.5,18889.9,19089.8,
11,1,18630.9,18630.9,19095.2,
11,2,18972,19015.7,19180.9,
11,3,18481.5,18481.5,19207.4,
11,1,19237,19237,19339.5,
11,1,19268.2,19268.2,19622,
11,2,19824.7,19824.7,19996.1,
11,2,19657.6,19657.6,20162.8,
11,2,20396.6,20396.6,20694.3,
11,1,19753,19753,20743.5,
11,2,21206.1,21206.1,21376,
11,3,21869.2,21869.2,21906.6,
11,2,21928.2,21928.2,22278.8,
11,3,22399,22399,22515.7,
11,2,22712.5,22712.5,22812.9,
11,1,23095.2,23095.2,23290.1,
11,2,23472.8,23472.8,23533,
11,2,23368.4,23368.4,23882,
11,1,23669.4,23669.4,23908.9,
11,2,23899.1,23908.9,23928.6,
11,1,23709.4,23709.4,23931,
11,1,23362.8,23362.8,23985.5,
11,2,23976.1,23976.1,24147,
11,1,23773.8,23882,25088.8,
11,3,25524.7,25524.7,25527.2,
11,3,25531.4,25531.4,25741.6,
11,1,25536.3,25536.3,25820.4,
11,2,26025.3,26025.3,26294.3,
11,1,26005.2,26005.2,26471.8,
11,1,26706.8,26706.8,26801.1,
11,2,26904.8,26904.8,26999.3,
11,1,27060.6,27060.6,27155.6,
11,3,27017.9,27017.9,27301.8,
11,2,26353.6,26353.6,27661.5,
11,3,27835.1,27835.1,27974.2,
11,1,27295.9,27295.9,28526.9,
11,1,28084.2,28084.2,28701.7,
11,2,28549.7,28549.7,28853.1,
11,1,29000.2,29000.2,29246.7,
11,1,28851.2,28851.2,29292.2,
11,3,29520.3,29520.3,29607.5,
11,1,29646.3,29646.3,29686.4,
11,1,29692.1,29692.1,29773.8,
11,1,29587.7,29587.7,29999,
11,2,29846.5,29999,30052.6,
11,2,29937.2,30052.6,30073.3,
11,1,29974.7,30073.3,30288.4,
11,3,29686.9,29686.9,30442.7,
11,3,30529.3,30529.3,30560.2,
11,3,29590.1,29590.1,30759.2,
11,1,30506.7,30506.7,30806.5,
11,1,29745.3,29773.8,30978.9,
11,1,30906.1,30906.1,31391.1,
11,1,31424.3,31424.3,31525.5,
11,3,31442.6,31442.6,31674.8,
11,3,31677.4,31677.4,31699.5,
11,1,31641.3,31641.3,31739,
11,1,32028.8,32028.8,32033.1,
11,2,32596,32596,32617.5,
11,1,32754.2,32754.2,32795.2,
11,3,32331.6,32331.6,33375.4,
11,3,33282.5,33282.5,33558.6,
11,1,32561,32561,33579.5,
11,1,33731.9,33731.9,33888.3,
11,1,33875.4,33875.4,34072.9,
11,1,34768.1,34768.1,34846.7,
11,3,34693.5,34693.5,34935.7,
11,1,34623.3,34623.3,34992.5,
11,2,35132.1,35132.1,35355.7,
11,1,35408.5,35408.5,35517.4,
11,3,35580.1,35580.1,35630.8,
11,2,35011.4,35011.4,35656.6,
11,2,35440.7,35440.7,35770.4,
12,3,0,0,322.304,
12,1,209.382,209.382,532.476,
12,1,720.259,720.259,753.444,
12,1,1110.98,1110.98,1273.13,
12,3,1096.26,1096.26,1310.91,
12,2,1010.39,1010.39,1497.86,
12,2,1219.92,1219.92,1807.75,
12,1,2217.68,2217.68,2424.4,
12,1,2688.08,2688.08,2691.97,
12,3,2860.29,2860.29,3108.34,
12,1,2627.71,2627.71,3178.94,
12,1,3494.47,3494.47,3685.52,
12,1,3443.02,3443.02,3801.93,
12,2,3726.11,3726.11,3838.25,
12,1,3982.86,3982.86,4031.47,
12,1,4081.25,4081.25,4407.84,
12,3,3414.43,3414.43,4538.12,
12,1,5544.81,5544.81,5618.22,
12,1,5457.63,5457.63,5643.31,
12,1,5522.39,5522.39,5839.67,
12,3,6090.21,6090.21,6114.7,
12,2,6235.03,6235.03,6369.5,
12,3,6293.58,6293.58,6393.54,
12,1,6297.63,6297.63,6731.35,
12,2,6520.47,6520.47,6765.29,
12,3,6737.6,6737.6,6797.52,
12,1,6620.19,6620.19,6977.56,
12,1,6875.04,6875.04,7008.37,
12,1,7467.78,7467.78,8092.3,
12,3,8421.09,8421.09,8449.3,
12,2,8837.33,8837.33,9593.27,
12,2,8086.09,8086.09,9604.45,
12,2,9887.99,9887.99,9965.7,
12,1,10005.7,10005.7,10057.3,
12,1,9777.45,9777.45,10095,
12,1,9961.08,9961.08,10145,
12,1,9834.04,9834.04,10204,
12,1,10709.8,10709.8,10746.7,
12,1,10813.4,10813.4,11079.5,
12,1,11226.9,11226.9,11242.8,
12,1,11046.7,11046.7,11386.8,
12,1,11195.2,11195.2,11510.2,
12,1,11204.6,11204.6,11613.6,
12,2,11465.4,11465.4,11704.6,
12,1,11778.1,11778.1,11801.8,
12,3,11670.2,11670.2,12716,
12,2,11925.1,11925.1,12745.2,
12,3,12290.9,12290.9,12884.8,
12,1,12641.5,12641.5,13133.5,
12,2,12899.6,12899.6,13147.3,
12,2,13162.5,13162.5,13262.8,
12,2,14129.4,14129.4,14201.9,
12,3,14413.3,14413.3,14477.4,
12,1,14223.7,14223.7,14540.8,
12,1,14905.7,14905.7,15033.7,
12,1,15093.2,15093.2,15168.2,
12,1,15164.7,15164.7,15216,
12,2,15365.6,15365.6,16022.8,
12,2,16126.1,16126.1,16419.5,
12,2,16365.2,16365.2,16421.3,
12,1,16487.1,16487.1,16681.5,
12,2,16351.3,16351.3,16761.7,
12,3,16875,16875,16951,
12,1,16155,16155,17056.4,
12,2,16616.3,16616.3,17078.6,
12,1,17606.9,17606.9,17688.6,
12,1,17720.9,17720.9,17819.3,
12,2,17846,17846,17925.8,
12,1,18004.4,18004.4,18051.4,
12,1,17956.8,17956.8,18193.6,
12,3,18513.1,18513.1,18600.3,
12,3,18188.3,18188.3,18737.3,
12,2,18702,18702,18810.1,
12,1,18836.6,18836.6,18916.5,
12,1,18831.6,18831.6,19020.3,
12,1,19162.3,19162.3,19194,
12,1,17286.3,17286.3,19322.7,
12,2,19760.8,19760.8,19768.7,
12,1,19840.3,19840.3,19904.2,
12,1,19886.1,19886.1,19976.2,
12,2,19741.1,19741.1,20065.6,
12,1,20094.4,20094.4,20105.8,
12,1,19997.3,19997.3,20178.5,
12,2,20180,20180,20286.7,
12,2,20460.1,20460.1,20701.6,
12,3,20786.6,20786.6,20889.7,
12,1,20933.4,20933.4,20969.9,
12,3,21358.7,21358.7,21433.8,
12,2,21695.1,21695.1,21704.7,
12,2,22037.8,22037.8,22363.3,
12,3,22541.6,22541.6,22592,
12,1,22715.7,22715.7,23016.2,
12,2,22614.7,22614.7,23062,
12,3,23270.4,23270.4,23353.6,
12,2,24068.7,24068.7,24120.4,
12,3,24565.6,24565.6,24661.3,
12,2,24504.3,24504.3,24995.1,
12,2,24639.2,24639.2,25044.7,
12,2,25015.6,25015.6,25059.1,
12,1,25004.3,25004.3,25090.4,
12,1,25050,25050,25129,
12,3,25333.4,25333.4,25452.4,
12,3,25495.8,25495.8,25686.3,
12,2,25738.9,25738.9,25887,
12,1,26073,26073,26105,
12,1,25990.3,25990.3,26242.6,
12,3,26602.9,26602.9,26736.1,
12,1,26606.4,26606.4,26804.7,
12,3,26767.2,26767.2,27113.3,
12,2,26398.1,26398.1,27155.3,
12,3,27660.1,27660.1,27868,
12,1,27743,27743,27892.5,
12,1,28231,28231,28240.8,
12,3,28468.2,28468.2,28846.3,
12,1,28609,28609,28852.3,
12,2,28899.4,28899.4,29078.6,
12,1,29299.9,29299.9,29333.3,
12,2,29477.6,29477.6,29489.7,
12,1,29517.4,29517.4,29545.2,
12,1,29777,29777,29865.2,
12,1,29320,29320,29865.8,
12,3,29646.4,29646.4,29951.4,
12,1,30261.6,30261.6,30353.5,
12,2,30452,30452,30532.4,
12,1,30310.8,30310.8,30535.2,
12,1,30594.1,30594.1,30677.8,
12,1,30612.5,30612.5,30823.6,
12,3,30913.5,30913.5,31170.5,
12,2,31102.1,31102.1,31399.1,
12,2,31512.8,31512.8,31557.1,
12,2,32331.9,32331.9,32584.1,
12,2,32206.5,32206.5,32666,
12,1,32683,32683,32730.7,
12,2,32673.5,32673.5,32890.9,
12,3,32738.5,32738.5,33061.5,
12,1,32637.6,32637.6,33095.8,
12,2,32839.1,32839.1,33123.5,
12,1,33187.6,33187.6,33438.5,
12,1,33235.4,33235.4,33783.1,
12,1,33779.9,33779.9,33953.9,
12,2,33715.9,33715.9,34013.5,
12,2,34213.2,34213.2,34228.5,
12,2,34306.5,34306.5,34331.9,
12,1,34425.8,34425.8,34511.3,
12,1,34267.9,34267.9,34565,
12,1,34707.7,34707.7,34714.6,
12,2,34703.7,34703.7,34791.9,
12,3,34747.4,34747.4,34882.1,
12,1,34818.4,34818.4,35640.9,
12,1,35651.4,35651.4,35869.4,
12,2,35805.2,35805.2,35875.7,
13,1,0,0,91.1663,
13,1,163.549,163.549,316.693,
13,3,484.365,484.365,503.392,
13,1,173.024,173.024,837.008,
13,2,475.942,475.942,1012.38,
13,1,725.331,725.331,1333.62,
13,1,1143.77,1143.77,1427.49,
13,1,500.459,500.459,1610.56,
13,1,1632.99,1632.99,1853.55,
13,1,1907.92,1907.92,1911.91,
13,1,2103.3,2103.3,2195.79,
13,1,2346.43,2346.43,2820.07,
13,1,2531.65,2531.65,3158.59,
13,2,2341.81,2341.81,3265.63,
13,3,3832.08,3832.08,3978.42,
13,1,4036.38,4036.38,4038.98,
13,3,3752.34,3752.34,4050.8,
13,1,4100.38,4100.38,4285.57,
13,3,3936.63,3936.63,4647.13,
13,2,4621.87,4621.87,4758.47,
13,3,5000.68,5000.68,5022.58,
13,1,4963.13,4963.13,5054.85,
13,2,4953.96,4953.96,5256.99,
13,1,5544.11,5544.11,5637.32,
13,1,5348.63,5348.63,5696.01,
13,2,5389.41,5389.41,5731.68,
13,2,5738.93,5738.93,5940.59,
13,1,6001.23,6001.23,6467.63,
13,3,6055.45,6055.45,6699.27,
13,2,6611.35,6611.35,6891.65,
13,1,6850.26,6850.26,6915.44,
13,3,6823.94,6823.94,7000.02,
13,1,6559.23,6559.23,7195.62,
13,3,6926,6926,7206.06,
13,2,7588.13,7588.13,7695.66,
13,1,7736.61,7736.61,7793.63,
13,3,7667.61,7667.61,7935.37,
13,1,7664.29,7664.29,8337.67,
13,3,8345.85,8345.85,8576.8,
13,1,8560.53,8560.53,8711.2,
13,1,8723.2,8723.2,9031.16,
13,1,9189.34,9189.34,9357.57,
13,1,8529.34,8529.34,10042.7,
13,2,10084.8,10084.8,10093.2,
13,1,10795.9,10795.9,10913.1,
13,3,11395.7,11395.7,11423.2,
13,3,11451.2,11451.2,11502.9,
13,2,11323.2,11323.2,11528.4,
13,3,11619.8,11619.8,11645.8,
13,3,11626.5,11626.5,11750.9,
13,3,11806.6,11806.6,11971.1,
13,3,11941.7,11941.7,12092,
13,1,11830.7,11830.7,12256.2,
13,1,12216.2,12216.2,12450.2,
13,1,11934.2,11934.2,12541.6,
13,3,12276,12276,12572.1,
13,1,12824.1,12824.1,12885.2,
13,1,13066.2,13066.2,13182.5,
13,1,12959.2,12959.2,13652.4,
13,3,14111.9,14111.9,14408.9,
13,2,14409.8,14409.8,14751.8,
13,2,14866.1,14866.1,14955.6,
13,1,15327.1,15327.1,15358.7,
13,3,15296.5,15296.5,15400,
13,2,14225.1,14225.1,15449.5,
13,1,15472,15472,15550.6,
13,2,15516.8,15516.8,15592.6,
13,1,15597.3,15597.3,15652,
13,1,15705.1,15705.1,15841.8,
13,2,15646.8,15646.8,15865.5,
13,2,15798.9,15798.9,15894.5,
13,1,16175,16175,16366.7,
13,2,16986.7,16986.7,17008.3,
13,1,17074.5,17074.5,17078.5,
13,1,16919.1,16919.1,17139.9,
13,1,17251.7,17251.7,17619.9,
13,3,17434.4,17434.4,17688.7,
13,3,17727,17727,17762.9,
13,1,18196.8,18196.8,18211.4,
13,3,17918.2,17918.2,18234.2,
13,3,18175.6,18175.6,18539.7,
13,1,18898.4,18898.4,18981.8,
13,3,18950.7,18950.7,19026.6,
13,3,19258.9,19258.9,19681.3,
13,1,19634.8,19634.8,20302,
13,3,20410.8,20410.8,20453.3,
13,2,20401.4,20401.4,20512.4,
13,1,20583.4,20583.4,20653.2,
13,3,20870.6,20870.6,21270.6,
13,2,21045.1,21270.6,21352.1,
13,1,20993.7,20993.7,21360.9,
13,1,20751.5,20751.5,21413.1,
13,1,21146.9,21413.1,21494.5,
13,3,21084.4,21352.1,21712.8,
13,3,21089.2,21360.9,21755.1,
13,1,21605.3,21755.1,21824.9,
13,1,20953.4,20953.4,21859.7,
13,2,21165.9,21494.5,22022.3,
13,1,21960.8,21960.8,22023.5,
13,1,21329.8,21712.8,22069.2,
13,3,22371.4,22371.4,22373.2,
13,1,22269.2,22269.2,22615.4,
13,1,21959.1,21959.1,22661.8,
13,2,22735.7,22735.7,22748.1,
13,2,22438.8,22438.8,23020.4,
13,3,22538.3,22538.3,23186.6,
13,3,23176.1,23176.1,23268.3,
13,2,23105.6,23105.6,23637.2,
13,1,23392.4,23392.4,23695.9,
13,3,23266.3,23266.3,23778.5,
13,3,23832.8,23832.8,23957.1,
13,1,24107.1,24107.1,24728.5,
13,1,25249.9,25249.9,25280.4,
13,3,25301.9,25301.9,25321.9,
13,1,25309.4,25309.4,25403.7,
13,1,25523,25523,25609.8,
13,1,25770,25770,25784.6,
13,2,25878.7,25878.7,26055.3,
13,1,26359.6,26359.6,26398.7,
13,2,25980.9,25980.9,26400,
13,2,26671.5,26671.5,26737.1,
13,1,26838.1,26838.1,26958.5,
13,3,26918.7,26918.7,27025.2,
13,1,26638.6,26638.6,27209.6,
13,2,27563.1,27563.1,27664.4,
13,2,26970.2,26970.2,27861.5,
13,2,27932.1,27932.1,28192.2,
13,1,27887.2,27887.2,28218.6,
13,2,28106.5,28106.5,28356.2,
13,2,28711.5,28711.5,28729.8,
13,1,27480.4,27480.4,28781,
13,1,28787.6,28787.6,28915,
13,1,28630.4,28630.4,28956.6,
13,3,29040.6,29040.6,29096.9,
13,3,29017.2,29017.2,29290.2,
13,3,29104.6,29104.6,29306.2,
13,2,29461.6,29461.6,29750.7,
13,1,30197.8,30197.8,30298.3,
13,2,29875.3,29875.3,30425.1,
13,1,30528.5,30528.5,30834.7,
13,1,30664.6,30664.6,30985.7,
13,1,30954.7,30954.7,31029.4,
13,1,30732.9,30732.9,31047.2,
13,3,30905.7,30905.7,31138.1,
13,1,31235.9,31235.9,31495.5,
13,1,31231.4,31231.4,31509.4,
13,1,31558.5,31558.5,31596.3,
13,2,31336.2,31495.5,31620.5,
13,1,31045.9,31045.9,31638.5,
13,3,30958,30985.7,31682.1,
13,3,31956.7,31956.7,32105.9,
13,1,32228.2,32228.2,32341.7,
13,3,31576.9,31596.3,32429.9,
13,1,32962,32962,32982.6,
13,2,33073.1,33073.1,33389.6,
13,1,33212.3,33212.3,33562.3,
13,2,34051.3,34051.3,34597.9,
13,1,34216,34216,34611.7,
13,2,34377,34377,35074.4,
13,1,34820.8,34820.8,35513.9,
13,3,35254.5,35254.5,35627.6,
14,2,145.589,145.589,163.29,
14,3,0,0,378.853,
14,2,367.024,367.024,468.858,
14,1,49.2932,49.2932,665.274,
14,1,703.332,703.332,808.014,
14,1,440.312,440.312,839.66,
14,1,506.068,506.068,1372.78,
14,3,1376.98,1376.98,1444.76,
14,2,1188.34,1188.34,1717.54,
14,1,1489.31,1489.31,1728.47,
14,2,1767.38,1767.38,1854.39,
14,1,1874.45,1874.45,1959.46,
14,2,1899.95,1899.95,2260.32,
14,1,2502.25,2502.25,2910.27,
14,3,2956.75,2956.75,3246.13,
14,1,3640.88,3640.88,3661.19,
14,3,3646.48,3646.48,3724.11,
14,3,4115.13,4115.13,4177.37,
14,1,4296.15,4296.15,4503.25,
14,3,4303.41,4303.41,4543.94,
14,1,4909.49,4909.49,4933.56,
14,2,4926.59,4926.59,5407.84,
14,1,5893.63,5893.63,5914.73,
14,3,5898.01,5898.01,6039.18,
14,1,6722.55,6722.55,6772.37,
14,3,6698.09,6698.09,6803.95,
14,1,6480.76,6480.76,6967.16,
14,2,6656.46,6656.46,6994.76,
14,3,7167.86,7167.86,7257.06,
14,2,7270.33,7270.33,7290.21,
14,3,6959.05,6959.05,7291.43,
14,1,7253.43,7253.43,7463.3,
14,3,7378.55,7378.55,7535.01,
14,1,7464.41,7464.41,7575.36,
14,3,7697.99,7697.99,7840.94,
14,1,7850.5,7850.5,8024.64,
14,1,8072.11,8072.11,8503.72,
14,1,8426.43,8426.43,8561.84,
14,2,8558.84,8558.84,8622.18,
14,1,7709.77,7709.77,8721.47,
14,1,8625.5,8625.5,8890.09,
14,3,8374.89,8374.89,9072.32,
14,1,9432,9432,9458.95,
14,1,9406.74,9406.74,9501.61,
14,1,9508.11,9508.11,9530.53,
14,1,10276,10276,10296.2,
14,3,11242,11242,11395.4,
14,1,11591.1,11591.1,11604.7,
14,1,11627.6,11627.6,11818.1,
14,1,12148.4,12148.4,12444.6,
14,1,12564.6,12564.6,12862.3,
14,1,13446.7,13446.7,13511.3,
14,1,13359.1,13359.1,13573.9,
14,3,13518.8,13518.8,13586.5,
14,1,13617.8,13617.8,13632.4,
14,2,14274.5,14274.5,14386.2,
14,1,14351.2,14351.2,14478.3,
14,1,14834.6,14834.6,14890,
14,2,14897.7,14897.7,15000.3,
14,3,14428.3,14428.3,15047.7,
14,1,14679.9,14679.9,15284.2,
14,1,15386.7,15386.7,15679.1,
14,2,16462,16462,16502.7,
14,3,16929.2,16929.2,17065.8,
14,2,17038.9,17038.9,17458.3,
14,1,17463.8,17463.8,17578.9,
14,1,17802.8,17802.8,18189.4,
14,1,18099.6,18099.6,18211.5,
14,3,18079.6,18079.6,18242.8,
14,1,18240.2,18242.8,18283.9,
14,2,18132.2,18211.5,18313.3,
14,1,17982.4,17982.4,18323.4,
14,1,18356.6,18356.6,18426.6,
14,2,18250,18283.9,18448.4,
14,1,18658.8,18658.8,18776.2,
14,1,18113.9,18189.4,18793.2,
14,3,19061.6,19061.6,19283,
14,1,19104.6,19104.6,19330.7,
14,1,19457.9,19457.9,19471.7,
14,2,19648.8,19648.8,19797.7,
14,1,19357.5,19357.5,20034.7,
14,3,19889.2,19889.2,20181.4,
14,1,21039.9,21039.9,21156,
14,1,21225.6,21225.6,21296.6,
14,1,21053,21053,21331,
14,1,21247.7,21247.7,21344.7,
14,2,21533.3,21533.3,21672.7,
14,2,21451.1,21451.1,21720.3,
14,2,21813,21813,21849.1,
14,2,21809.9,21809.9,21876.5,
14,1,21569.1,21569.1,21948.6,
14,1,21786.5,21786.5,22108.4,
14,2,22528.2,22528.2,22727.6,
14,3,21872.2,21876.5,22734.8,
14,1,21847.1,21849.1,22867.8,
14,2,22642.5,22642.5,22907.2,
14,3,23298.8,23298.8,23445.7,
14,1,23289,23289,23607.8,
14,2,23418.2,23418.2,23608.1,
14,3,23629.4,23629.4,23655.7,
14,3,23534.9,23534.9,24355,
14,1,24417.8,24417.8,24547.5,
14,1,24805.9,24805.9,24950.3,
14,3,24999.2,24999.2,25178.1,
14,3,25679.6,25679.6,25822.5,
14,1,26033.9,26033.9,26430.9,
14,1,26123.8,26123.8,26621.1,
14,1,26771.2,26771.2,26849.8,
14,3,27591.2,27591.2,27678.6,
14,1,27159.6,27159.6,27751,
14,1,27833.3,27833.3,27840.8,
14,1,27936.3,27936.3,27945.5,
14,1,28138.8,28138.8,28609.3,
14,1,28529.3,28529.3,28658.6,
14,3,28894.3,28894.3,29179,
14,1,29238.5,29238.5,29334.6,
14,3,29199.1,29199.1,29440.9,
14,1,29383.3,29383.3,29512.9,
14,1,29457,29457,29614.4,
14,1,29291.9,29291.9,29888.6,
14,3,29108.7,29108.7,30062.1,
14,2,29680.6,29680.6,30065.5,
14,1,30186.7,30186.7,30362.9,
14,2,30377.3,30377.3,30577.7,
14,1,31154.6,31154.6,31287.1,
14,1,31233.8,31233.8,31368.3,
14,2,30667.5,30667.5,31406.5,
14,2,31780.7,31780.7,32326.3,
14,3,32919.4,32919.4,32942.4,
14,1,32952.8,32952.8,32991.7,
14,3,32626.3,32626.3,33045.6,
14,3,32917.8,32917.8,33336,
14,1,33655.2,33655.2,33657.8,
14,1,33110.7,33110.7,33728.6,
14,3,33799.9,33799.9,33925.1,
14,3,33840.6,33840.6,33950,
14,3,33872.1,33872.1,34062.3,
14,2,34856,34856,35013.3,
14,1,34971.5,34971.5,35086.3,
14,3,34928.4,34928.4,35102,
14,2,35532.9,35532.9,35573.2,
14,1,35374.5,35374.5,35830.9,
14,2,35852.3,35852.3,35921.6,
15,2,0,0,228.769,
15,1,397.062,397.062,469.624,
15,2,419.681,419.681,712.268,
15,2,876,876,1028.72,
15,3,799.323,799.323,1041.63,
15,2,1535.05,1535.05,1636.39,
15,2,1274.71,1274.71,1726.76,
15,1,1875.79,1875.79,2031.99,
15,2,2295.63,2295.63,2305.99,
15,1,2390.86,2390.86,2443.09,
15,2,2385.35,2385.35,3051.24,
15,1,2809.47,2809.47,3065.67,
15,3,3279.83,3279.83,3597.92,
15,3,3134.78,3134.78,3622.13,
15,1,3280.22,3280.22,3635.8,
15,1,3660.35,3660.35,3848.15,
15,1,3735.33,3735.33,3900.79,
15,1,3757.47,3757.47,4085.46,
15,2,2920.87,2920.87,4434.66,
15,2,4485.29,4485.29,4494.84,
15,2,4077,4077,4635.21,
15,1,4703.86,4703.86,4811.67,
15,2,5303.96,5303.96,5421.75,
15,2,5346.69,5346.69,5426.06,
15,1,5322.73,5322.73,5630.9,
15,2,5502.03,5502.03,5813.54,
15,1,5978.77,5978.77,6762.76,
15,1,6656.4,6656.4,6999.39,
15,1,6398.05,6398.05,7092.42,
15,1,6546.1,6546.1,7162.86,
15,3,6862.94,6862.94,7213.81,
15,1,7405.92,7405.92,7603.76,
15,2,7331.28,7331.28,7643.28,
15,1,7585.05,7643.28,7644.58,
15,2,7434.22,7434.22,7686.12,
15,1,7089.33,7089.33,7702.52,
15,1,7672.68,7672.68,7725.24,
15,1,7518.82,7603.76,8000.65,
15,3,7758.67,7758.67,8036.57,
15,3,8099.84,8099.84,8323.69,
15,3,7837.6,7837.6,8627.93,
15,3,8348.42,8348.42,8804.78,
15,1,8584.55,8584.55,8880.41,
15,3,9352.86,9352.86,9707.16,
15,2,9234.77,9234.77,9742.99,
15,2,9724.38,9724.38,9744.31,
15,2,9769.62,9769.62,9898.53,
15,1,10130.4,10130.4,10383.7,
15,1,8745.62,8745.62,10533.3,
15,1,10184.3,10184.3,10725.9,
15,2,11149.7,11149.7,11149.9,
15,2,11428,11428,11789.9,
15,3,11818.4,11818.4,11844.5,
15,1,11280.2,11280.2,12037.3,
15,1,11916.2,11916.2,12560.8,
15,1,12809.1,12809.1,12860.6,
15,1,13745.9,13745.9,13889.3,
15,1,13731.1,13731.1,13967.8,
15,1,13890,13890,14039.6,
15,1,13996.2,13996.2,14077.4,
15,3,14165.7,14165.7,14276.7,
15,1,14122.7,14122.7,14413.7,
15,1,13925.2,13925.2,14537.3,
15,1,14229.3,14276.7,14859.3,
15,1,14254.2,14413.7,14877.3,
15,2,14271.9,14537.3,14960.5,
15,1,14965.6,14965.6,15027.6,
15,1,15020.6,15020.6,15032.9,
15,1,12907.7,12907.7,15286.4,
15,3,15179.5,15179.5,15287.8,
15,1,15057.8,15057.8,15661.8,
15,2,15124.3,15124.3,15709.7,
15,2,15781.1,15781.1,15872.7,
15,3,15893.3,15893.3,15929.8,
15,2,15732.6,15732.6,15968.9,
15,1,15862.4,15862.4,16080.1,
15,3,16197.7,16197.7,16202.1,
15,3,16080.1,16080.1,16442,
15,2,16635.4,16635.4,16678.1,
15,1,17931.7,17931.7,18373.9,
15,3,18297.7,18297.7,18487.4,
15,2,18504.6,18504.6,18788.9,
15,3,19883.3,19883.3,20026,
15,3,19780.3,19780.3,20247.3,
15,3,20039.4,20039.4,20412,
15,1,20873.1,20873.1,21024.1,
15,3,20887.1,20887.1,21106.6,
15,1,20945,21024.1,21114.4,
15,1,20525.2,20525.2,21351.7,
15,1,21450,21450,21619.1,
15,3,20783,20783,21766.3,
15,1,21587.5,21619.1,21907.6,
15,3,21783.7,21783.7,21938.8,
15,1,21859.5,21938.8,21965.8,
15,2,21918.6,21965.8,21975.2,
15,1,21810.3,21907.6,22291.4,
15,1,21579.7,21579.7,22353.2,
15,1,22487.2,22487.2,22611.2,
15,1,22384.6,22384.6,22672.5,
15,2,21291,21291,22751.7,
15,1,22017.7,22017.7,22801.8,
15,1,23062,23062,23103.9,
15,2,23101.4,23101.4,23149.1,
15,1,22955.8,22955.8,23245.7,
15,1,23246.4,23246.4,23299.7,
15,3,22916.3,22916.3,23373.8,
15,1,23573.5,23573.5,23647.7,
15,2,23473.7,23473.7,23665.5,
15,3,23611.3,23611.3,23707.4,
15,1,23735.4,23735.4,23737.8,
15,2,24486.6,24486.6,24704.1,
15,3,24853,24853,24957.6,
15,1,25090,25090,25471.3,
15,1,25497.9,25497.9,25600.6,
15,3,25985.8,25985.8,26033.3,
15,2,26630.8,26630.8,26665.1,
15,1,26532.6,26532.6,26885.6,
15,1,27000.5,27000.5,27055.5,
15,1,27379.8,27379.8,27859.6,
15,1,27433.5,27433.5,27944.8,
15,1,27919,27919,28126.9,
15,2,28381.3,28381.3,28527.1,
15,3,28641.1,28641.1,28929.1,
15,3,28879.2,28879.2,29225.6,
15,1,29674.3,29674.3,29843.7,
15,1,29944.6,29944.6,30289.9,
15,2,29595.3,29595.3,30292.6,
15,3,30041.1,30041.1,30329.9,
15,2,30376.1,30376.1,30408.1,
15,1,30454.1,30454.1,30649.4,
15,1,30501,30501,30671,
15,2,30533.5,30533.5,30681.9,
15,1,30578.4,30578.4,30742,
15,3,30579.1,30649.4,30894.9,
15,1,30974.8,30974.8,31217.1,
15,1,30992.4,30992.4,31277.2,
15,1,31666.1,31666.1,31783.1,
15,3,31475.5,31475.5,32019.1,
15,1,31752.5,31752.5,32415.6,
15,3,32007.1,32007.1,32558.6,
15,3,32481.5,32481.5,32712,
15,2,32347.8,32347.8,32741,
15,2,32389.9,32389.9,32815.1,
15,2,32601.1,32712,32893.2,
15,1,32817,32817,32896.8,
15,1,32854.2,32854.2,32928.3,
15,1,32512.5,32558.6,33130.7,
15,1,33010.4,33010.4,33156.4,
15,2,32955,32955,33645.3,
15,1,33801.3,33801.3,34033.5,
15,2,34438.4,34438.4,34704.4,
15,1,34556.6,34556.6,34909.6,
15,3,34849,34849,34950.9,
15,3,34972.8,34972.8,35122,
15,1,35291,35291,35358.3,
15,1,35297.9,35297.9,35542.1,
15,3,35565.6,35565.6,35867.7,
16,1,0,0,49.5661,
16,1,198.095,198.095,282.562,
16,1,29.6543,29.6543,510.063,
16,1,274.803,274.803,636.623,
16,3,954.929,954.929,1050.99,
16,1,1081.05,1081.05,1268.34,
16,3,1323.63,1323.63,1563.81,
16,2,1570.82,1570.82,1599.57,
16,1,1668.69,1668.69,1782.38,
16,1,1862.7,1862.7,1920.62,
16,1,2051.43,2051.43,2175.05,
16,1,2994.19,2994.19,2997.3,
16,1,3223.46,3223.46,3253.58,
16,1,3435.27,3435.27,3871.44,
16,2,2978.11,2978.11,3918.2,
16,1,4968.96,4968.96,5172.51,
16,2,5246.53,5246.53,5277.9,
16,2,4983.74,4983.74,5677.81,
16,1,5520.22,5520.22,5688.9,
16,3,4433.91,4433.91,6371.93,
16,1,6495.63,6495.63,6637.48,
16,1,6376.39,6376.39,6659.65,
16,1,6174.47,6174.47,6792.38,
16,1,6615.27,6615.27,7060.19,
16,1,7280.16,7280.16,7415.99,
16,2,7520.06,7520.06,7626.31,
16,1,7574.99,7574.99,7765.62,
16,1,7780.94,7780.94,7831.67,
16,2,7759.65,7759.65,7870.37,
16,1,7804.91,7804.91,8050.37,
16,1,7863.75,7863.75,8145.44,
16,3,8077.41,8077.41,8287.86,
16,1,8138,8138,8607.58,
16,1,8641.66,8641.66,8648.85,
16,1,8417.06,8417.06,9446.56,
16,3,9403.65,9403.65,10153.2,
16,1,10186.4,10186.4,10219.5,
16,2,10422.4,10422.4,10626.4,
16,3,10306.2,10306.2,11000,
16,2,11062.1,11062.1,11547.6,
16,2,11535.8,11535.8,11557.5,
16,3,11928.5,11928.5,11958.9,
16,2,11957.9,11958.9,11992.1,
16,3,11948.1,11948.1,12021.9,
16,2,11921,11921,12078.1,
16,1,12232.1,12232.1,12241,
16,2,10763.2,10763.2,12525.3,
16,1,12881.2,12881.2,13139.8,
16,1,12799.3,12799.3,13576.2,
16,1,13456.8,13456.8,13824.7,
16,1,13788.8,13788.8,13905.7,
16,1,14429.7,14429.7,14493.5,
16,1,14345.7,14345.7,14627.9,
16,2,14362.1,14362.1,14852.5,
16,1,14659.3,14659.3,15009.7,
16,3,14935.1,14935.1,15141,
16,1,16221.1,16221.1,16517,
16,3,16519.6,16519.6,16522.3,
16,3,16117.3,16117.3,16845.3,
16,3,16326.4,16326.4,16854.3,
16,1,16640.7,16640.7,17026.7,
16,3,17109.3,17109.3,17229,
16,1,17156.3,17156.3,17283.2,
16,1,17250.9,17250.9,17438.9,
16,1,17155.8,17155.8,17484.5,
16,1,16770.5,16770.5,17550.7,
16,1,17709.8,17709.8,17809.1,
16,1,17792.4,17792.4,17830.8,
16,2,17279.8,17283.2,17940.8,
16,1,17817.7,17817.7,18019.1,
16,1,18116.2,18116.2,18268.2,
16,3,18190.8,18190.8,18310.4,
16,3,18646.4,18646.4,18673.6,
16,1,18857.7,18857.7,18912.8,
16,1,18776,18776,18918.8,
16,1,18942.8,18942.8,19041.7,
16,3,19298,19298,19528.8,
16,2,19469.7,19469.7,19713.3,
16,1,19644.5,19644.5,19872.8,
16,3,19690,19690,19944.4,
16,1,20157.1,20157.1,20194,
16,2,20122,20122,20273.6,
16,3,20252,20252,20378.9,
16,1,20180.7,20180.7,20660.9,
16,1,20889.5,20889.5,20963.7,
16,1,21362.7,21362.7,21516.4,
16,2,21542.5,21542.5,21885.9,
16,1,21701,21701,21925.4,
16,3,21588,21588,21944.9,
16,1,22000.1,22000.1,22366.1,
16,1,22243.2,22243.2,22527.1,
16,3,22453.4,22453.4,22856.4,
16,1,23060.7,23060.7,23278.3,
16,1,23112.5,23112.5,23566.5,
16,3,23465.7,23465.7,23584.2,
16,1,23348.8,23348.8,23596.4,
16,1,24202,24202,24352.7,
16,3,23985.9,23985.9,24410.8,
16,3,24424.1,24424.1,24528,
16,1,24915.8,24915.8,25005.5,
16,3,25453.7,25453.7,25541.5,
16,1,25751,25751,25823.2,
16,1,26133.1,26133.1,26140.5,
16,1,26083.8,26083.8,26239.6,
16,2,26270.2,26270.2,26275.7,
16,1,26508.1,26508.1,26510.2,
16,2,25610.3,25610.3,26720,
16,1,26902.5,26902.5,27043.7,
16,2,27414.4,27414.4,27523.9,
16,2,27672.6,27672.6,27698,
16,3,27859.1,27859.1,27969.5,
16,3,27932,27932,28276.7,
16,3,28107.8,28107.8,28369.3,
16,3,28351.1,28351.1,28385,
16,1,28228.9,28228.9,28486.4,
16,1,28716.4,28716.4,28915.3,
16,3,28506,28506,29084.9,
16,1,29095.4,29095.4,29889.6,
16,1,30124.6,30124.6,30147.2,
16,1,30498.2,30498.2,30573.8,
16,3,30389.2,30389.2,30651.9,
16,1,30699.8,30699.8,31372,
16,3,31146.3,31146.3,31503.4,
16,3,31046.3,31046.3,31524.6,
16,1,31333.8,31372,31578.4,
16,2,30968.7,30968.7,31709.2,
16,3,31641,31641,31844.3,
16,3,31697.3,31697.3,31952.9,
16,1,31649.7,31649.7,32023.9,
16,3,31942.3,31942.3,32127,
16,1,32149.6,32149.6,32177.8,
16,3,31966.4,31966.4,32367.3,
16,1,32280.4,32280.4,32521.2,
16,3,32275.2,32275.2,32547.5,
16,1,32526.9,32526.9,32561.4,
16,1,32463.1,32463.1,32842.7,
16,1,32494.1,32494.1,33122,
16,2,32603.5,32603.5,33528.9,
16,2,34268.1,34268.1,34371.5,
16,3,33354.6,33354.6,34458.1,
16,1,34888.3,34888.3,35024.7,
16,1,35051.4,35051.4,35291.5,
16,1,34417.6,34417.6,35347.7,
16,2,35231.9,35231.9,35390.5,
16,2,35409.1,35409.1,35532.6,
16,1,35341.7,35341.7,35632,
16,1,35748.8,35748.8,35872.1,
17,3,0,0,257.974,
17,1,391.668,391.668,474.929,
17,2,653.721,653.721,1481.1,
17,1,1856.46,1856.46,1893.81,
17,1,1570.43,1570.43,1945.99,
17,3,2368.8,2368.8,2492.8,
17,2,2350.65,2350.65,2558.34,
17,1,1921.44,1921.44,2563.82,
17,2,2567.05,2567.05,2992.86,
17,3,3297.75,3297.75,3590.08,
17,3,4197.79,4197.79,4343.96,
17,1,4152.33,4152.33,4373.4,
17,1,4571.36,4571.36,4813.2,
17,2,4372.84,4372.84,5081.2,
17,1,5071.95,5071.95,5347.56,
17,3,5307.56,5307.56,5403.41,
17,1,5330.53,5330.53,5535.91,
17,1,5542.18,5542.18,5848.59,
17,3,5648.18,5648.18,5883.27,
17,1,5742.93,5742.93,5933.89,
17,1,5873.09,5873.09,5972.42,
17,1,6919.02,6919.02,6934.74,
17,3,6730.05,6730.05,7129.35,
17,1,8546.99,8546.99,8755.41,
17,2,8564.25,8564.25,8937.31,
17,3,9326.55,9326.55,9448.72,
17,1,9615.63,9615.63,9618.86,
17,2,9274.86,9274.86,10147.6,
17,3,10226,10226,10385.7,
17,1,10040,10040,10460.4,
17,3,9579.48,9579.48,10511.5,
17,1,10638.1,10638.1,10728,
17,3,10251.2,10251.2,10793.8,
17,2,10651,10651,11224.8,
17,2,10817.8,10817.8,11307.5,
17,1,11227.1,11227.1,11340.6,
17,1,11433.2,11433.2,11461.8,
17,3,11371.1,11371.1,11474,
17,1,10860.4,10860.4,11758,
17,1,11831.6,11831.6,11834.7,
17,1,11670.5,11670.5,11836.2,
17,3,12065.9,12065.9,12140.7,
17,2,12070.4,12070.4,12175.4,
17,1,10563.3,10563.3,12336.4,
17,2,11669.8,11669.8,12781.6,
17,1,12330.8,12330.8,12935,
17,1,12680.3,12680.3,13115.5,
17,1,12575.2,12575.2,13171.4,
17,3,13405.8,13405.8,13410.8,
17,1,13423,13423,13620.2,
17,2,13678.2,13678.2,13691.8,
17,1,13526.4,13526.4,13704.7,
17,3,14199.4,14199.4,14350.7,
17,3,14541.5,14541.5,14561.2,
17,1,14397,14397,14643.9,
17,2,14392.5,14392.5,14916.9,
17,3,15323.6,15323.6,15475.1,
17,3,15891.6,15891.6,16054.9,
17,1,14470.6,14470.6,16191.2,
17,3,15713.4,15713.4,16604.6,
17,1,17543.6,17543.6,17663.6,
17,3,17673.9,17673.9,17858.4,
17,1,17697.4,17697.4,18001.1,
17,2,17969.9,17969.9,18179.3,
17,1,18209.5,18209.5,18210.8,
17,1,18331.7,18331.7,18388.4,
17,1,18432.4,18432.4,18666.1,
17,1,18615,18615,18720.6,
17,2,18639.9,18639.9,18947.3,
17,2,18565.3,18565.3,19276.8,
17,1,19153.2,19153.2,19447.6,
17,3,19225.1,19276.8,19457.9,
17,1,19005.9,19005.9,19628.9,
17,3,19576.7,19576.7,19675.5,
17,1,19844.2,19844.2,19885.5,
17,2,18882.6,18882.6,19973.6,
17,3,19585.4,19585.4,20006.9,
17,1,20383.4,20383.4,20471,
17,3,20596.8,20596.8,20736,
17,1,20817.9,20817.9,21106.6,
17,1,20448.5,20448.5,21191,
17,1,21082.3,21082.3,21259.3,
17,2,20269.9,20269.9,21337.4,
17,3,21330.9,21330.9,21452.8,
17,2,21677.1,21677.1,21724.4,
17,1,21521,21521,21746,
17,2,22078.1,22078.1,22447.5,
17,1,22219.2,22219.2,22648.4,
17,1,22532.3,22648.4,22785.2,
17,3,22429.7,22447.5,22789.7,
17,1,22354.4,22354.4,22806.7,
17,3,21835.2,21835.2,23496,
17,1,23489,23489,23524.6,
17,2,23696.4,23696.4,23769.7,
17,2,23701.6,23701.6,23906.3,
17,1,23775.4,23775.4,24072.1,
17,3,24806.4,24806.4,24837.5,
17,1,25089.7,25089.7,25101.2,
17,1,25012,25012,25249.1,
17,1,25198.6,25198.6,25606,
17,1,25434.7,25434.7,26217,
17,2,26193.1,26193.1,26245.5,
17,1,26161.5,26161.5,26376.3,
17,1,27425.6,27425.6,27550.2,
17,1,26871.4,26871.4,27668.1,
17,1,27236.8,27236.8,27883.6,
17,3,27731.1,27731.1,28043.1,
17,1,28671,28671,28726.6,
17,1,28615.1,28615.1,28755,
17,1,28746.2,28746.2,28900.9,
17,2,28826.3,28826.3,28906.9,
17,3,29012.4,29012.4,29179.4,
17,2,29143.6,29143.6,29270.5,
17,1,29195.6,29195.6,29310.2,
17,1,29156,29156,29434.5,
17,2,29442.1,29442.1,29801.9,
17,1,29213.5,29213.5,29834.8,
17,2,30148.8,30148.8,30156.1,
17,2,29716.9,29716.9,30175.3,
17,2,30303.3,30303.3,30321.4,
17,3,30986.3,30986.3,31068.2,
17,3,31675.7,31675.7,31746,
17,3,31682.8,31746,31799.6,
17,1,31423.9,31423.9,31874.8,
17,1,31212.1,31212.1,31908.6,
17,1,31913.1,31913.1,31929.4,
17,1,31462.1,31462.1,31948.2,
17,3,31724.3,31799.6,32041.8,
17,1,32890.4,32890.4,32904.2,
17,1,32487.8,32487.8,33081.5,
17,3,33038.7,33038.7,33255.1,
17,2,33098.4,33098.4,33332.4,
17,1,33276.1,33276.1,33410,
17,2,33347.6,33347.6,33724.8,
17,1,33762.1,33762.1,33948.8,
17,2,34000.8,34000.8,34127,
17,2,34170.9,34170.9,34280.6,
17,3,34196.6,34196.6,34393.9,
17,1,34244,34244,34407.1,
17,3,34369.9,34369.9,34462.1,
17,1,34240.6,34240.6,34472.5,
17,1,34380.3,34393.9,34534.3,
17,2,35009.7,35009.7,35131.9,
17,2,34768.6,34768.6,35476.1,
17,1,35601.1,35601.1,35811,
18,1,338.925,338.925,406.533,
18,3,707.33,707.33,713.054,
18,3,735.825,735.825,759.582,
18,2,762.078,762.078,877.53,
18,3,0,0,1038.47,
18,2,710.338,710.338,1070.91,
18,1,902.887,902.887,1238.65,
18,2,1416.47,1416.47,1824.74,
18,2,2309.02,2309.02,2485.57,
18,1,2404.4,2404.4,2945.94,
18,1,2654.07,2654.07,3116.45,
18,1,2873.94,2873.94,3241.59,
18,1,2927.76,2927.76,3258.42,
18,2,3442.54,3442.54,3644.13,
18,1,3883.9,3883.9,3924.73,
18,1,3883.97,3883.97,4003.34,
18,2,4509.62,4509.62,4575.24,
18,1,4847.05,4847.05,4988.33,
18,3,4722.91,4722.91,4996.19,
18,1,4999.41,4999.41,5277.5,
18,1,5790.37,5790.37,5859.5,
18,3,6280.37,6280.37,6384.54,
18,2,6270.9,6270.9,6552.48,
18,1,5811.06,5811.06,6555.75,
18,2,7323.75,7323.75,7613.62,
18,3,7921.46,7921.46,7930.82,
18,1,7942.95,7942.95,8019.42,
18,2,8002.44,8002.44,8069.05,
18,1,7820.08,7820.08,8071.02,
18,1,7254.44,7254.44,8232.33,
18,1,8333.98,8333.98,8448.19,
18,3,8550.3,8550.3,8641.87,
18,1,8674.68,8674.68,8714.99,
18,1,8816.87,8816.87,9009.42,
18,3,9089.99,9089.99,9165.82,
18,3,9637.39,9637.39,9944.41,
18,1,9915.69,9915.69,9968.37,
18,2,10062,10062,10113.9,
18,1,10301.3,10301.3,10401,
18,3,10486,10486,10636.5,
18,1,10307.2,10307.2,10768.9,
18,2,9570.47,9570.47,10796.8,
18,1,10567.6,10636.5,10864.5,
18,1,10349.8,10349.8,11119.8,
18,1,10879.8,10879.8,11127.4,
18,3,11519.7,11519.7,11619.5,
18,1,11657.2,11657.2,11666.2,
18,1,11675.5,11675.5,11703.1,
18,2,11115.4,11115.4,11710.6,
18,1,11224.8,11224.8,12084.9,
18,2,11829,11829,12104.7,
18,2,11924.1,11924.1,12120,
18,3,11854.2,11854.2,12430.2,
18,2,12395.9,12395.9,12555.2,
18,2,12322.6,12322.6,12561.5,
18,3,12219.1,12219.1,12675.5,
18,2,12403.9,12430.2,13147.4,
18,1,12412.9,12555.2,13384.1,
18,3,13784.9,13784.9,13989.9,
18,3,14347,14347,14403.1,
18,1,15192.2,15192.2,15326.9,
18,1,15558.3,15558.3,15662.9,
18,3,15503.9,15503.9,15777.1,
18,1,15835.3,15835.3,15896,
18,3,15338.2,15338.2,15980.8,
18,1,16476.7,16476.7,16643.9,
18,3,16635,16643.9,16650.9,
18,2,16492,16492,16908.4,
18,3,16456.2,16456.2,16984.6,
18,2,17069.7,17069.7,17233.9,
18,1,16984.2,16984.2,17541.4,
18,1,17544.6,17544.6,17682.1,
18,2,17659.6,17659.6,17731.7,
18,3,16243.9,16243.9,17732.2,
18,1,17768.5,17768.5,18207.6,
18,3,18092.4,18092.4,18220,
18,2,18646.1,18646.1,18711,
18,1,18745.6,18745.6,18834.3,
18,1,18988.8,18988.8,19070,
18,1,19573.4,19573.4,19686.4,
18,1,19715.2,19715.2,19878.5,
18,3,20013.2,20013.2,20019,
18,3,19934.1,19934.1,20039.1,
18,1,20107.1,20107.1,20219.3,
18,3,19621.7,19621.7,20365.1,
18,2,20839.6,20839.6,20962.4,
18,1,20617.3,20617.3,21023.3,
18,3,20855.2,20855.2,21172.5,
18,2,21180.1,21180.1,21199.1,
18,1,20894.5,20894.5,21225.2,
18,2,21480.7,21480.7,21579.1,
18,1,21728.3,21728.3,21900.2,
18,1,21822.5,21822.5,21954.8,
18,1,21906.4,21906.4,22269.8,
18,3,22189.9,22189.9,22325.6,
18,3,22351.8,22351.8,22358.4,
18,1,21759.3,21759.3,22439.3,
18,3,22765.7,22765.7,22862.3,
18,2,22657.3,22657.3,23107.1,
18,3,23017.8,23017.8,23163.9,
18,1,22131.3,22131.3,23418.9,
18,1,23369.2,23369.2,23563.5,
18,1,23071.6,23071.6,23576.3,
18,2,23823,23823,23899.4,
18,3,23918.6,23918.6,24193.8,
18,1,23937.3,23937.3,24379.5,
18,3,24442.2,24442.2,24495,
18,1,24441.6,24441.6,24952.3,
18,1,25254.8,25254.8,25318.2,
18,1,24925.8,24925.8,25362.6,
18,3,25446.5,25446.5,25446.6,
18,2,25468.1,25468.1,25558.9,
18,2,25485.8,25485.8,25573.9,
18,2,24703.9,24703.9,25821,
18,1,25862.8,25862.8,26310.7,
18,1,25768,25768,26366.9,
18,1,26824.9,26824.9,27108.8,
18,1,27251,27251,27372.1,
18,2,27397.7,27397.7,27853.1,
18,1,28872.8,28872.8,29458.3,
18,2,29597.4,29597.4,29688.3,
18,3,29645.7,29645.7,29778.4,
18,1,29786.7,29786.7,29953.2,
18,3,29644.3,29644.3,29975,
18,3,30343.3,30343.3,30432.8,
18,2,30473.2,30473.2,30543.5,
18,3,30331.1,30331.1,30551.6,
18,3,29609,29609,30867.7,
18,1,31068.3,31068.3,31288.1,
18,2,31266.4,31266.4,31456.8,
18,2,31396.6,31396.6,31578.4,
18,1,31391.9,31391.9,31662.6,
18,2,30999.7,30999.7,31681.6,
18,1,31456.3,31456.8,31848.4,
18,3,31947.8,31947.8,32118.1,
18,3,32545.6,32545.6,32572.7,
18,1,32985.7,32985.7,33073.3,
18,1,33122.6,33122.6,33311.8,
18,1,33346.6,33346.6,33371.9,
18,3,33444.9,33444.9,33768.4,
18,1,33614.6,33614.6,33944.7,
18,1,33932.6,33932.6,34263.6,
18,2,34674.2,34674.2,34677.7,
18,2,34651.1,34651.1,34737.2,
18,3,34716.5,34716.5,35013.2,
18,1,34860,34860,35089.7,
18,1,34862.9,34862.9,35102.3,
18,1,35822.8,35822.8,35827.3,
18,1,35264,35264,35914.3,
19,2,0,0,208.811,
19,1,40.3645,40.3645,242.561,
19,3,270.407,270.407,347.984,
19,1,406.049,406.049,595.241,
19,3,633.759,633.759,873.317,
19,1,1099.95,1099.95,1130.98,
19,1,308.725,308.725,1302.25,
19,1,1877.74,1877.74,1903.82,
19,2,3015.54,3015.54,3016.73,
19,1,2970.93,2970.93,3286.15,
19,2,3192.14,3192.14,3859.48,
19,1,3944.81,3944.81,4402.85,
19,3,4289.36,4402.85,4446.44,
19,3,4354.65,4446.44,4463.12,
19,1,3996.78,3996.78,4534.85,
19,1,4266.77,4266.77,4680.78,
19,3,4576.49,4576.49,4915.27,
19,1,4108.67,4108.67,4936.83,
19,2,4793.36,4793.36,4938.26,
19,1,5046.61,5046.61,5060.29,
19,1,5079.55,5079.55,5082.69,
19,1,5379.59,5379.59,5383.84,
19,1,5347.97,5347.97,5455.71,
19,2,5267.45,5267.45,5614.42,
19,1,5426.41,5426.41,5964.73,
19,1,6391.33,6391.33,6486.97,
19,2,6391.15,6391.15,6559.15,
19,1,6442.55,6442.55,6678.57,
19,3,7059.83,7059.83,7165.61,
19,2,7154.3,7154.3,7305.59,
19,3,7253.79,7253.79,7387.54,
19,1,7331.97,7331.97,7574.96,
19,2,7508.65,7508.65,7616.24,
19,1,8272.45,8272.45,8690.11,
19,1,8244.95,8244.95,8937.52,
19,3,8640.66,8640.66,9040.7,
19,1,8103.65,8103.65,9072.27,
19,1,9192.92,9192.92,9194.83,
19,3,8672.19,8690.11,9574.58,
19,1,9605.12,9605.12,9760.98,
19,1,9288.13,9288.13,9767.59,
19,3,9830.83,9830.83,10034.4,
19,1,9666.41,9666.41,10131.5,
19,1,10653.9,10653.9,10801.4,
19,3,11002.8,11002.8,11227.5,
19,1,10901.8,10901.8,11235.6,
19,3,11405.7,11405.7,11460.3,
19,3,10438.5,10438.5,11861.5,
19,2,12500.8,12500.8,12514.1,
19,3,13604.6,13604.6,13634.6,
19,1,13616,13616,13652.2,
19,2,14038.7,14038.7,14316,
19,2,14420.3,14420.3,14524.5,
19,1,14520,14520,14526.7,
19,1,14560.4,14560.4,14716.8,
19,3,13576.5,13576.5,14924.5,
19,1,14814.4,14814.4,14927.5,
19,2,14825.3,14825.3,14959.6,
19,1,14953.6,14953.6,15049.7,
19,3,14840.9,14924.5,15207.8,
19,3,15047,15047,15240,
19,1,15363.3,15363.3,15477.5,
19,1,14501.2,14501.2,15516.3,
19,2,15618.2,15618.2,15634.5,
19,3,15109.2,15109.2,16144.6,
19,1,16112.7,16112.7,16379.3,
19,1,16448.4,16448.4,16556.5,
19,2,16388.2,16388.2,16615.1,
19,2,16524.4,16524.4,16697.6,
19,1,16721.1,16721.1,16807.5,
19,2,16276.4,16276.4,16838.1,
19,3,16893.2,16893.2,16897.3,
19,2,16976.8,16976.8,17045.1,
19,1,17063,17063,17066.1,
19,3,17590.3,17590.3,17612.4,
19,1,16946.1,16946.1,17764.8,
19,1,17792.8,17792.8,18272,
19,2,17627.2,17627.2,18298.3,
19,1,18713.2,18713.2,18816,
19,1,19142.3,19142.3,19377,
19,2,18485.5,18485.5,20101.7,
19,1,19614.4,19614.4,20112.6,
19,3,19822.3,19822.3,20261.3,
19,1,20116.8,20116.8,20296.7,
19,2,20359.1,20359.1,20463,
19,3,20600.6,20600.6,20640.6,
19,1,21105.4,21105.4,21192.6,
19,3,20731.4,20731.4,21245.3,
19,3,21324.1,21324.1,21335.6,
19,1,21797.3,21797.3,22288.3,
19,3,21910.8,21910.8,22788.2,
19,1,23021.5,23021.5,23115.9,
19,1,24676,24676,24713.4,
19,1,25096.7,25096.7,25097.6,
19,1,24763.1,24763.1,25274,
19,1,24748.9,24748.9,25397,
19,2,25404.6,25404.6,25703.1,
19,2,25844.7,25844.7,26019.3,
19,3,26040.1,26040.1,26064.7,
19,2,25256.3,25256.3,26093.3,
19,3,26547.2,26547.2,26575.8,
19,2,26949.5,26949.5,27105.1,
19,3,27127.1,27127.1,27131.6,
19,2,26811.3,26811.3,27187.1,
19,1,26340.3,26340.3,27359,
19,3,27225.2,27225.2,27483.6,
19,1,27633.4,27633.4,27662.6,
19,3,27641.2,27641.2,27727,
19,3,28286.8,28286.8,28692.8,
19,1,28798.4,28798.4,28934.2,
19,3,29785.4,29785.4,29792.2,
19,1,29862,29862,29879.1,
19,1,30172.7,30172.7,30257.9,
19,3,30444.8,30444.8,30982.4,
19,2,30792.1,30792.1,31112.3,
19,1,30867.3,30867.3,31390,
19,3,31272.9,31272.9,31504.6,
19,1,31520.8,31520.8,31591.3,
19,1,31703.8,31703.8,31852.7,
19,3,31997.5,31997.5,32261.1,
19,2,31532.1,31532.1,32416.9,
19,1,32903.7,32903.7,33075.6,
19,1,32818.4,32818.4,33143.7,
19,3,32691.3,32691.3,33257,
19,1,33537.2,33537.2,33754.2,
19,1,32910.4,32910.4,33911.9,
19,1,33304.3,33304.3,33919.7,
19,3,34115.9,34115.9,34289.1,
19,1,34357,34357,34437.7,
19,1,34496.2,34496.2,34561.5,
19,3,34124.3,34124.3,34880,
19,2,34826.9,34826.9,35027.6,
19,1,35043.6,35043.6,35078.2,
19,1,34994.5,34994.5,35137.6,
19,1,35715.4,35715.4,35735.9,
19,3,35709.8,35709.8,35885.6,
20,3,0,0,26.9791,
20,1,108.698,108.698,215.28,
20,1,138.341,138.341,333.356,
20,1,215.005,215.005,439.045,
20,1,463.368,463.368,613.251,
20,1,476.843,476.843,671.882,
20,3,351.852,351.852,724.717,
20,3,739.165,739.165,959.401,
20,2,974.009,974.009,1136.72,
20,2,874.904,874.904,1162.53,
20,2,659.599,659.599,1168.11,
20,2,1168.4,1168.4,1183.11,
20,3,1262.78,1262.78,1425.03,
20,1,2119.19,2119.19,2253.03,
20,3,2245.47,2245.47,2307.31,
20,1,2332.43,2332.43,2373.6,
20,2,2296.5,2296.5,2612.02,
20,2,2888.9,2888.9,2917.42,
20,2,3625.36,3625.36,3675.31,
20,2,1623.84,1623.84,4117.69,
20,1,4184.63,4184.63,4199.24,
20,1,4064.96,4064.96,4216.08,
20,1,4143.52,4143.52,4409.01,
20,1,4319.2,4319.2,4438.34,
20,2,3854.78,3854.78,4588.68,
20,1,4675.87,4675.87,4929.65,
20,1,5214,5214,5263.32,
20,2,5572.26,5572.26,5673.75,
20,1,5626.24,5626.24,6074.48,
20,3,6089.84,6089.84,6257.33,
20,1,7189.34,7189.34,7197.11,
20,1,7044.94,7044.94,7214.14,
20,1,6755.01,6755.01,7400.54,
20,1,7253.24,7253.24,7551.35,
20,3,7414.86,7414.86,7570.19,
20,2,7340.74,7340.74,7807.68,
20,1,6759.22,6759.22,8020.29,
20,1,7829.93,7829.93,8147.24,
20,1,8033.42,8033.42,8246.12,
20,1,8280.8,8280.8,8282.73,
20,3,8970.74,8970.74,9228.79,
20,1,9159.29,9159.29,9276.32,
20,3,8868.01,8868.01,9427.37,
20,1,9808.14,9808.14,9858.15,
20,3,9491.47,9491.47,10175.8,
20,1,10826.2,10826.2,11026.4,
20,2,11113.7,11113.7,11163.7,
20,1,12150.7,12150.7,12192,
20,1,12212,12212,12440.6,
20,3,12475.7,12475.7,12484.6,
20,2,12394.2,12394.2,12630.1,
20,2,12558.5,12558.5,12815.7,
20,2,12870.3,12870.3,13163.7,
20,1,13073.9,13073.9,13316,
20,1,13240,13240,13328.3,
20,2,13221,13221,13361.5,
20,3,13577,13577,13648.9,
20,2,14218.4,14218.4,14239.5,
20,3,14314.1,14314.1,14441.1,
20,2,15478.7,15478.7,15484.4,
20,2,15839.2,15839.2,16010.6,
20,1,15795.1,15795.1,16231.6,
20,2,16041,16041,16351.9,
20,1,16776.9,16776.9,16806.4,
20,1,16880.5,16880.5,17021.4,
20,3,17426,17426,17477.9,
20,1,17437.1,17437.1,17555.2,
20,1,17617.5,17617.5,17929.4,
20,3,17778.8,17778.8,18005.8,
20,1,17595.6,17595.6,18197.4,
20,3,18049.2,18049.2,18215.7,
20,1,18414.1,18414.1,18552.7,
20,1,18853,18853,19109.4,
20,2,18833.1,18833.1,19185.8,
20,2,18860.4,18860.4,19204.2,
20,3,19225.2,19225.2,19240.2,
20,1,18839.7,18839.7,19313.5,
20,1,18872.8,19109.4,19313.6,
20,1,19449.2,19449.2,19450.1,
20,1,19470.1,19470.1,19525.2,
20,3,18926.4,19185.8,19581.2,
20,2,19452.8,19452.8,19618,
20,1,19484,19525.2,19881,
20,1,19267.6,19267.6,19936.1,
20,1,19817.3,19881,19943.5,
20,3,19774.4,19774.4,20069.2,
20,1,20436,20436,20478.7,
20,2,19720.6,19720.6,20835.6,
20,3,21317.8,21317.8,21730.4,
20,1,21525.9,21730.4,21888.2,
20,1,21481.2,21481.2,21926.2,
20,2,21171.4,21171.4,22205.4,
20,1,21558,21926.2,22210,
20,1,21567.7,22205.4,22218.4,
20,1,21599.5,22210,22221.2,
20,1,21512.5,21512.5,22286.7,
20,3,22000.4,22218.4,22484.9,
20,1,21527.1,21888.2,22504.8,
20,3,22404.5,22484.9,22607.6,
20,1,22036.3,22221.2,22684.3,
20,3,22557.1,22684.3,22770.5,
20,2,22274.5,22286.7,22956.7,
20,2,22895.1,22956.7,23027.9,
20,1,22691.3,22770.5,23047.7,
20,3,22520.4,22607.6,23053.8,
20,2,22437.1,22504.8,23136.8,
20,1,23178.2,23178.2,23281,
20,1,23303.2,23303.2,23417,
20,1,22979.5,23047.7,23421,
20,2,22961.8,23027.9,23610.1,
20,1,23356.8,23356.8,23768.5,
20,1,24538.7,24538.7,24827.5,
20,2,24151.9,24151.9,24970.9,
20,1,24990.6,24990.6,25068.3,
20,2,24521.3,24521.3,25224.9,
20,1,24476.7,24476.7,25266.9,
20,1,25237.7,25237.7,25363.8,
20,1,25190.5,25190.5,25564.7,
20,2,25525.3,25525.3,25597.3,
20,2,25493.8,25493.8,25861,
20,3,25392.8,25392.8,26201.6,
20,1,25923.2,25923.2,26337.5,
20,2,26223,26223,26644,
20,1,26679.3,26679.3,26685,
20,2,26491,26491,26822.7,
20,3,25875.4,25875.4,26977.2,
20,3,26802,26802,27138.2,
20,2,27146.4,27146.4,27319.4,
20,1,26329.1,26329.1,27596.3,
20,1,27573.2,27573.2,27861.9,
20,2,27910.6,27910.6,27953.7,
20,1,27786.5,27786.5,28029.9,
20,3,28473.3,28473.3,28680.5,
20,2,28964.7,28964.7,29007.1,
20,3,29027,29027,29053.1,
20,2,28420,28420,29197.3,
20,3,29160.6,29160.6,29338,
20,3,29180.8,29180.8,29473,
20,2,28846.2,28846.2,29999.3,
20,1,29919.1,29919.1,30046.7,
20,3,29965.5,29965.5,30221.7,
20,1,30035.7,30035.7,30242.4,
20,1,30002.8,30002.8,30303.2,
20,1,30288.6,30288.6,30502.3,
20,1,30762.6,30762.6,31130.1,
20,3,30498.6,30498.6,31274.6,
20,1,31205.5,31205.5,31367.5,
20,1,31284.1,31284.1,31562.4,
20,3,31603.5,31603.5,31633.7,
20,1,31534,31534,31656.6,
20,1,31970.2,31970.2,32054,
20,3,32509.2,32509.2,32754.7,
20,2,32744.7,32744.7,33283.5,
20,1,32679.5,32679.5,33286,
20,3,33062.1,33283.5,33287.9,
20,1,33042.6,33042.6,33535.5,
20,2,33503.1,33503.1,33569.7,
20,1,32244.4,32244.4,33640.3,
20,1,33560.6,33560.6,33732.2,
20,1,33175.4,33286,33759.8,
20,2,34087,34087,34186.1,
20,1,34326.4,34326.4,34557.3,
20,3,34125.6,34125.6,35250.9,
20,3,35079.1,35079.1,35321.8,
20,1,35241.5,35241.5,35423.6,
20,3,35584.4,35584.4,35609.8,
